country_region_code,country_region,sub_region_1,sub_region_2,date,retail_and_recreation_percent_change_from_baseline,grocery_and_pharmacy_percent_change_from_baseline,parks_percent_change_from_baseline,transit_stations_percent_change_from_baseline,workplaces_percent_change_from_baseline,residential_percent_change_from_baseline
DE,Germany,,,2020-02-15,6.0,1.0,45.0,10.0,0.0,-1.0
DE,Germany,,,2020-02-16,7.0,10.0,9.0,6.0,-1.0,0.0
DE,Germany,,,2020-02-17,2.0,2.0,7.0,1.0,-2.0,0.0
DE,Germany,,,2020-02-18,2.0,2.0,10.0,1.0,-1.0,1.0
DE,Germany,,,2020-02-19,3.0,0.0,6.0,-1.0,-1.0,1.0
DE,Germany,,,2020-02-20,2.0,-1.0,14.0,3.0,-4.0,1.0
DE,Germany,,,2020-02-21,2.0,2.0,15.0,-1.0,-8.0,2.0
DE,Germany,,,2020-02-22,-1.0,-2.0,26.0,9.0,-3.0,0.0
DE,Germany,,,2020-02-23,0.0,9.0,-24.0,2.0,-3.0,0.0
DE,Germany,,,2020-02-24,2.0,-5.0,17.0,-5.0,-20.0,4.0
DE,Germany,,,2020-02-25,-1.0,-1.0,15.0,-5.0,-13.0,4.0
DE,Germany,,,2020-02-26,-3.0,0.0,0.0,-7.0,-5.0,2.0
DE,Germany,,,2020-02-27,-5.0,3.0,-3.0,-5.0,-4.0,2.0
DE,Germany,,,2020-02-28,3.0,11.0,9.0,-2.0,-5.0,2.0
DE,Germany,,,2020-02-29,-1.0,5.0,9.0,1.0,-1.0,1.0
DE,Germany,,,2020-03-01,8.0,18.0,21.0,4.0,1.0,0.0
DE,Germany,,,2020-03-02,2.0,8.0,9.0,-1.0,0.0,0.0
DE,Germany,,,2020-03-03,0.0,5.0,8.0,-3.0,0.0,1.0
DE,Germany,,,2020-03-04,2.0,2.0,14.0,-4.0,0.0,1.0
DE,Germany,,,2020-03-05,-4.0,0.0,0.0,-5.0,0.0,1.0
DE,Germany,,,2020-03-06,-3.0,1.0,-11.0,-7.0,-1.0,2.0
DE,Germany,,,2020-03-07,1.0,0.0,19.0,-2.0,0.0,1.0
DE,Germany,,,2020-03-08,12.0,19.0,31.0,2.0,1.0,0.0
DE,Germany,,,2020-03-09,-1.0,2.0,7.0,-5.0,-1.0,1.0
DE,Germany,,,2020-03-10,-7.0,-2.0,-13.0,-8.0,-1.0,3.0
DE,Germany,,,2020-03-11,-1.0,2.0,17.0,-7.0,-1.0,2.0
DE,Germany,,,2020-03-12,-7.0,6.0,4.0,-9.0,-2.0,2.0
DE,Germany,,,2020-03-13,-9.0,19.0,-3.0,-15.0,-4.0,4.0
DE,Germany,,,2020-03-14,-17.0,9.0,33.0,-19.0,-3.0,4.0
DE,Germany,,,2020-03-15,-12.0,13.0,75.0,-16.0,-5.0,2.0
DE,Germany,,,2020-03-16,-7.0,22.0,40.0,-25.0,-18.0,6.0
DE,Germany,,,2020-03-17,-21.0,11.0,31.0,-35.0,-25.0,10.0
DE,Germany,,,2020-03-18,-34.0,5.0,44.0,-39.0,-30.0,11.0
DE,Germany,,,2020-03-19,-45.0,-3.0,15.0,-46.0,-33.0,14.0
DE,Germany,,,2020-03-20,-50.0,-2.0,-14.0,-52.0,-36.0,16.0
DE,Germany,,,2020-03-21,-69.0,-24.0,-31.0,-59.0,-31.0,13.0
DE,Germany,,,2020-03-22,-71.0,-35.0,1.0,-58.0,-34.0,10.0
DE,Germany,,,2020-03-23,-57.0,-16.0,-5.0,-56.0,-41.0,16.0
DE,Germany,,,2020-03-24,-59.0,-18.0,9.0,-56.0,-43.0,18.0
DE,Germany,,,2020-03-25,-58.0,-18.0,11.0,-56.0,-43.0,18.0
DE,Germany,,,2020-03-26,-59.0,-16.0,3.0,-57.0,-44.0,18.0
DE,Germany,,,2020-03-27,-59.0,-14.0,21.0,-56.0,-44.0,19.0
DE,Germany,,,2020-03-28,-66.0,-21.0,33.0,-53.0,-33.0,12.0
DE,Germany,,,2020-03-29,-77.0,-51.0,-49.0,-68.0,-39.0,11.0
DE,Germany,,,2020-03-30,-54.0,-16.0,-13.0,-56.0,-43.0,17.0
DE,Germany,,,2020-03-31,-53.0,-12.0,7.0,-53.0,-43.0,17.0
DE,Germany,,,2020-04-01,-52.0,-13.0,20.0,-53.0,-43.0,17.0
DE,Germany,,,2020-04-02,-54.0,-11.0,6.0,-54.0,-43.0,17.0
DE,Germany,,,2020-04-03,-57.0,-11.0,-13.0,-57.0,-44.0,19.0
DE,Germany,,,2020-04-04,-63.0,-16.0,21.0,-52.0,-31.0,12.0
DE,Germany,,,2020-04-05,-58.0,-13.0,61.0,-47.0,-30.0,8.0
DE,Germany,,,2020-04-06,-43.0,-6.0,49.0,-49.0,-44.0,15.0
DE,Germany,,,2020-04-07,-44.0,-2.0,50.0,-50.0,-45.0,16.0
DE,Germany,,,2020-04-08,-42.0,10.0,57.0,-49.0,-45.0,15.0
DE,Germany,,,2020-04-09,-40.0,14.0,37.0,-49.0,-47.0,15.0
DE,Germany,,,2020-04-10,-80.0,-92.0,72.0,-69.0,-86.0,29.0
DE,Germany,,,2020-04-11,-56.0,0.0,35.0,-48.0,-29.0,10.0
DE,Germany,,,2020-04-12,-63.0,-23.0,59.0,-47.0,-26.0,6.0
DE,Germany,,,2020-04-13,-81.0,-93.0,29.0,-73.0,-88.0,28.0
DE,Germany,,,2020-04-14,-45.0,1.0,8.0,-52.0,-45.0,17.0
DE,Germany,,,2020-04-15,-45.0,-9.0,46.0,-49.0,-44.0,16.0
DE,Germany,,,2020-04-16,-53.0,-3.0,57.0,-48.0,-43.0,16.0
DE,Germany,,,2020-04-17,-55.0,-4.0,49.0,-49.0,-43.0,16.0
DE,Germany,,,2020-04-18,-65.0,-14.0,35.0,-46.0,-22.0,10.0
DE,Germany,,,2020-04-19,-59.0,-7.0,56.0,-44.0,-22.0,7.0
DE,Germany,,,2020-04-20,-44.0,-9.0,35.0,-44.0,-36.0,13.0
DE,Germany,,,2020-04-21,-47.0,-8.0,45.0,-44.0,-35.0,14.0
DE,Germany,,,2020-04-22,-46.0,-8.0,60.0,-43.0,-35.0,13.0
DE,Germany,,,2020-04-23,-47.0,-6.0,58.0,-42.0,-35.0,13.0
DE,Germany,,,2020-04-24,-50.0,-7.0,38.0,-46.0,-36.0,14.0
DE,Germany,,,2020-04-25,-57.0,-10.0,40.0,-41.0,-19.0,9.0
DE,Germany,,,2020-04-26,-52.0,3.0,78.0,-39.0,-18.0,6.0
DE,Germany,,,2020-04-27,-43.0,-13.0,57.0,-41.0,-33.0,12.0
DE,Germany,,,2020-04-28,-48.0,-10.0,19.0,-43.0,-33.0,13.0
DE,Germany,,,2020-04-29,-46.0,1.0,12.0,-43.0,-33.0,13.0
DE,Germany,,,2020-04-30,-34.0,19.0,-8.0,-39.0,-34.0,12.0
DE,Germany,,,2020-05-01,-82.0,-92.0,17.0,-67.0,-84.0,28.0
DE,Germany,,,2020-05-02,-46.0,3.0,-18.0,-42.0,-20.0,9.0
DE,Germany,,,2020-05-03,-57.0,4.0,43.0,-37.0,-18.0,6.0
DE,Germany,,,2020-05-04,-32.0,-5.0,-1.0,-38.0,-30.0,11.0
DE,Germany,,,2020-05-05,-36.0,-6.0,21.0,-37.0,-29.0,12.0
DE,Germany,,,2020-05-06,-33.0,-5.0,49.0,-35.0,-28.0,11.0
DE,Germany,,,2020-05-07,-33.0,-3.0,47.0,-35.0,-28.0,11.0
DE,Germany,,,2020-05-08,-36.0,-5.0,60.0,-37.0,-31.0,11.0
DE,Germany,,,2020-05-09,-40.0,-1.0,61.0,-28.0,-8.0,5.0
DE,Germany,Baden-Württemberg,,2020-02-15,6.0,1.0,52.0,10.0,3.0,-1.0
DE,Germany,Baden-Württemberg,,2020-02-16,23.0,43.0,64.0,20.0,1.0,-2.0
DE,Germany,Baden-Württemberg,,2020-02-17,0.0,-1.0,-11.0,0.0,-1.0,1.0
DE,Germany,Baden-Württemberg,,2020-02-18,4.0,3.0,16.0,1.0,0.0,1.0
DE,Germany,Baden-Württemberg,,2020-02-19,2.0,0.0,3.0,-2.0,-1.0,0.0
DE,Germany,Baden-Württemberg,,2020-02-20,6.0,0.0,18.0,5.0,-4.0,0.0
DE,Germany,Baden-Württemberg,,2020-02-21,1.0,1.0,16.0,-2.0,-11.0,2.0
DE,Germany,Baden-Württemberg,,2020-02-22,2.0,-2.0,57.0,15.0,-3.0,-1.0
DE,Germany,Baden-Württemberg,,2020-02-23,9.0,36.0,5.0,11.0,0.0,-1.0
DE,Germany,Baden-Württemberg,,2020-02-24,11.0,-1.0,44.0,-7.0,-26.0,4.0
DE,Germany,Baden-Württemberg,,2020-02-25,-1.0,-5.0,18.0,-13.0,-23.0,5.0
DE,Germany,Baden-Württemberg,,2020-02-26,-5.0,-3.0,-7.0,-17.0,-18.0,4.0
DE,Germany,Baden-Württemberg,,2020-02-27,-10.0,-2.0,-22.0,-18.0,-17.0,4.0
DE,Germany,Baden-Württemberg,,2020-02-28,0.0,10.0,8.0,-11.0,-17.0,3.0
DE,Germany,Baden-Württemberg,,2020-02-29,-5.0,3.0,3.0,-4.0,-4.0,1.0
DE,Germany,Baden-Württemberg,,2020-03-01,9.0,20.0,40.0,6.0,-1.0,0.0
DE,Germany,Baden-Württemberg,,2020-03-02,0.0,8.0,-2.0,-3.0,-1.0,1.0
DE,Germany,Baden-Württemberg,,2020-03-03,-1.0,5.0,9.0,-5.0,-1.0,1.0
DE,Germany,Baden-Württemberg,,2020-03-04,0.0,1.0,11.0,-5.0,-1.0,1.0
DE,Germany,Baden-Württemberg,,2020-03-05,-9.0,-3.0,-24.0,-10.0,-2.0,2.0
DE,Germany,Baden-Württemberg,,2020-03-06,-7.0,0.0,-21.0,-9.0,-3.0,3.0
DE,Germany,Baden-Württemberg,,2020-03-07,-1.0,-1.0,7.0,-6.0,0.0,1.0
DE,Germany,Baden-Württemberg,,2020-03-08,17.0,25.0,54.0,4.0,1.0,0.0
DE,Germany,Baden-Württemberg,,2020-03-09,1.0,2.0,5.0,-4.0,-2.0,1.0
DE,Germany,Baden-Württemberg,,2020-03-10,-9.0,-2.0,-17.0,-11.0,-2.0,3.0
DE,Germany,Baden-Württemberg,,2020-03-11,-3.0,2.0,20.0,-7.0,-3.0,2.0
DE,Germany,Baden-Württemberg,,2020-03-12,-9.0,5.0,-7.0,-12.0,-4.0,3.0
DE,Germany,Baden-Württemberg,,2020-03-13,-9.0,20.0,8.0,-14.0,-6.0,4.0
DE,Germany,Baden-Württemberg,,2020-03-14,-22.0,7.0,10.0,-25.0,-5.0,5.0
DE,Germany,Baden-Württemberg,,2020-03-15,-7.0,22.0,111.0,-11.0,-7.0,2.0
DE,Germany,Baden-Württemberg,,2020-03-16,-7.0,22.0,49.0,-21.0,-13.0,6.0
DE,Germany,Baden-Württemberg,,2020-03-17,-25.0,10.0,36.0,-38.0,-27.0,11.0
DE,Germany,Baden-Württemberg,,2020-03-18,-36.0,4.0,54.0,-41.0,-31.0,12.0
DE,Germany,Baden-Württemberg,,2020-03-19,-46.0,-3.0,27.0,-47.0,-35.0,14.0
DE,Germany,Baden-Württemberg,,2020-03-20,-51.0,-2.0,3.0,-51.0,-37.0,16.0
DE,Germany,Baden-Württemberg,,2020-03-21,-74.0,-30.0,-64.0,-67.0,-34.0,15.0
DE,Germany,Baden-Württemberg,,2020-03-22,-74.0,-31.0,-7.0,-60.0,-39.0,11.0
DE,Germany,Baden-Württemberg,,2020-03-23,-56.0,-18.0,-9.0,-58.0,-42.0,18.0
DE,Germany,Baden-Württemberg,,2020-03-24,-60.0,-20.0,5.0,-58.0,-43.0,19.0
DE,Germany,Baden-Württemberg,,2020-03-25,-60.0,-21.0,2.0,-59.0,-44.0,19.0
DE,Germany,Baden-Württemberg,,2020-03-26,-61.0,-19.0,-13.0,-60.0,-45.0,20.0
DE,Germany,Baden-Württemberg,,2020-03-27,-59.0,-16.0,12.0,-58.0,-45.0,20.0
DE,Germany,Baden-Württemberg,,2020-03-28,-66.0,-25.0,36.0,-53.0,-35.0,12.0
DE,Germany,Baden-Württemberg,,2020-03-29,-79.0,-49.0,-55.0,-71.0,-43.0,12.0
DE,Germany,Baden-Württemberg,,2020-03-30,-52.0,-17.0,2.0,-56.0,-44.0,18.0
DE,Germany,Baden-Württemberg,,2020-03-31,-54.0,-15.0,13.0,-55.0,-44.0,19.0
DE,Germany,Baden-Württemberg,,2020-04-01,-52.0,-16.0,31.0,-54.0,-44.0,18.0
DE,Germany,Baden-Württemberg,,2020-04-02,-53.0,-13.0,20.0,-55.0,-45.0,18.0
DE,Germany,Baden-Württemberg,,2020-04-03,-57.0,-12.0,-10.0,-58.0,-45.0,20.0
DE,Germany,Baden-Württemberg,,2020-04-04,-63.0,-19.0,20.0,-53.0,-33.0,12.0
DE,Germany,Baden-Württemberg,,2020-04-05,-60.0,-2.0,69.0,-46.0,-36.0,8.0
DE,Germany,Baden-Württemberg,,2020-04-06,-42.0,-8.0,49.0,-51.0,-45.0,16.0
DE,Germany,Baden-Württemberg,,2020-04-07,-45.0,-4.0,59.0,-51.0,-46.0,17.0
DE,Germany,Baden-Württemberg,,2020-04-08,-44.0,8.0,52.0,-52.0,-46.0,16.0
DE,Germany,Baden-Württemberg,,2020-04-09,-41.0,15.0,35.0,-51.0,-49.0,16.0
DE,Germany,Baden-Württemberg,,2020-04-10,-81.0,-92.0,81.0,-70.0,-88.0,30.0
DE,Germany,Baden-Württemberg,,2020-04-11,-57.0,-4.0,30.0,-49.0,-34.0,11.0
DE,Germany,Baden-Württemberg,,2020-04-12,-69.0,-20.0,43.0,-51.0,-34.0,8.0
DE,Germany,Baden-Württemberg,,2020-04-13,-77.0,-92.0,91.0,-70.0,-89.0,29.0
DE,Germany,Baden-Württemberg,,2020-04-14,-44.0,1.0,21.0,-53.0,-47.0,18.0
DE,Germany,Baden-Württemberg,,2020-04-15,-45.0,-11.0,54.0,-50.0,-46.0,17.0
DE,Germany,Baden-Württemberg,,2020-04-16,-54.0,-4.0,51.0,-50.0,-45.0,17.0
DE,Germany,Baden-Württemberg,,2020-04-17,-56.0,-5.0,40.0,-51.0,-45.0,18.0
DE,Germany,Baden-Württemberg,,2020-04-18,-66.0,-17.0,31.0,-48.0,-26.0,11.0
DE,Germany,Baden-Württemberg,,2020-04-19,-59.0,5.0,75.0,-43.0,-27.0,7.0
DE,Germany,Baden-Württemberg,,2020-04-20,-45.0,-10.0,38.0,-46.0,-37.0,14.0
DE,Germany,Baden-Württemberg,,2020-04-21,-49.0,-9.0,49.0,-46.0,-37.0,16.0
DE,Germany,Baden-Württemberg,,2020-04-22,-49.0,-11.0,65.0,-46.0,-37.0,15.0
DE,Germany,Baden-Württemberg,,2020-04-23,-50.0,-7.0,50.0,-46.0,-38.0,15.0
DE,Germany,Baden-Württemberg,,2020-04-24,-52.0,-7.0,35.0,-48.0,-39.0,16.0
DE,Germany,Baden-Württemberg,,2020-04-25,-58.0,-12.0,52.0,-40.0,-21.0,9.0
DE,Germany,Baden-Württemberg,,2020-04-26,-52.0,15.0,90.0,-38.0,-24.0,6.0
DE,Germany,Baden-Württemberg,,2020-04-27,-44.0,-15.0,60.0,-44.0,-36.0,13.0
DE,Germany,Baden-Württemberg,,2020-04-28,-51.0,-13.0,9.0,-48.0,-36.0,15.0
DE,Germany,Baden-Württemberg,,2020-04-29,-50.0,-2.0,15.0,-46.0,-37.0,15.0
DE,Germany,Baden-Württemberg,,2020-04-30,-39.0,18.0,-27.0,-46.0,-39.0,14.0
DE,Germany,Baden-Württemberg,,2020-05-01,-83.0,-92.0,-8.0,-72.0,-87.0,30.0
DE,Germany,Baden-Württemberg,,2020-05-02,-50.0,-2.0,-22.0,-44.0,-23.0,10.0
DE,Germany,Baden-Württemberg,,2020-05-03,-54.0,22.0,66.0,-32.0,-22.0,6.0
DE,Germany,Baden-Württemberg,,2020-05-04,-32.0,-8.0,2.0,-39.0,-31.0,13.0
DE,Germany,Baden-Württemberg,,2020-05-05,-38.0,-9.0,15.0,-40.0,-30.0,13.0
DE,Germany,Baden-Württemberg,,2020-05-06,-36.0,-8.0,48.0,-36.0,-29.0,12.0
DE,Germany,Baden-Württemberg,,2020-05-07,-35.0,-6.0,45.0,-36.0,-30.0,12.0
DE,Germany,Baden-Württemberg,,2020-05-08,-37.0,-3.0,40.0,-37.0,-31.0,12.0
DE,Germany,Baden-Württemberg,,2020-05-09,-41.0,-4.0,30.0,-32.0,-13.0,7.0
DE,Germany,Bavaria,,2020-02-15,7.0,2.0,37.0,13.0,1.0,-1.0
DE,Germany,Bavaria,,2020-02-16,14.0,32.0,33.0,12.0,1.0,-1.0
DE,Germany,Bavaria,,2020-02-17,1.0,2.0,10.0,1.0,0.0,0.0
DE,Germany,Bavaria,,2020-02-18,3.0,3.0,25.0,1.0,1.0,1.0
DE,Germany,Bavaria,,2020-02-19,1.0,-2.0,1.0,-1.0,0.0,0.0
DE,Germany,Bavaria,,2020-02-20,4.0,1.0,11.0,1.0,-1.0,0.0
DE,Germany,Bavaria,,2020-02-21,1.0,2.0,13.0,1.0,-3.0,0.0
DE,Germany,Bavaria,,2020-02-22,3.0,1.0,50.0,10.0,-1.0,-1.0
DE,Germany,Bavaria,,2020-02-23,7.0,37.0,0.0,6.0,-1.0,0.0
DE,Germany,Bavaria,,2020-02-24,9.0,2.0,22.0,-12.0,-23.0,4.0
DE,Germany,Bavaria,,2020-02-25,2.0,-5.0,34.0,-13.0,-26.0,6.0
DE,Germany,Bavaria,,2020-02-26,-3.0,-4.0,-1.0,-14.0,-17.0,3.0
DE,Germany,Bavaria,,2020-02-27,-4.0,0.0,-9.0,-13.0,-16.0,3.0
DE,Germany,Bavaria,,2020-02-28,-4.0,5.0,-5.0,-11.0,-16.0,3.0
DE,Germany,Bavaria,,2020-02-29,-2.0,4.0,3.0,1.0,-3.0,0.0
DE,Germany,Bavaria,,2020-03-01,11.0,27.0,29.0,6.0,1.0,-1.0
DE,Germany,Bavaria,,2020-03-02,1.0,10.0,10.0,-3.0,0.0,0.0
DE,Germany,Bavaria,,2020-03-03,-2.0,5.0,5.0,-7.0,0.0,1.0
DE,Germany,Bavaria,,2020-03-04,-2.0,2.0,7.0,-6.0,0.0,1.0
DE,Germany,Bavaria,,2020-03-05,-6.0,0.0,-14.0,-9.0,-1.0,1.0
DE,Germany,Bavaria,,2020-03-06,-6.0,1.0,-14.0,-9.0,-1.0,2.0
DE,Germany,Bavaria,,2020-03-07,-3.0,0.0,-11.0,-7.0,0.0,1.0
DE,Germany,Bavaria,,2020-03-08,20.0,39.0,47.0,4.0,1.0,-1.0
DE,Germany,Bavaria,,2020-03-09,-3.0,3.0,0.0,-10.0,-1.0,1.0
DE,Germany,Bavaria,,2020-03-10,-9.0,-2.0,-14.0,-13.0,-1.0,3.0
DE,Germany,Bavaria,,2020-03-11,-4.0,3.0,11.0,-10.0,-2.0,2.0
DE,Germany,Bavaria,,2020-03-12,-6.0,6.0,5.0,-13.0,-3.0,2.0
DE,Germany,Bavaria,,2020-03-13,-12.0,22.0,-2.0,-17.0,-5.0,3.0
DE,Germany,Bavaria,,2020-03-14,-19.0,9.0,3.0,-24.0,-4.0,4.0
DE,Germany,Bavaria,,2020-03-15,-3.0,30.0,75.0,-15.0,-2.0,2.0
DE,Germany,Bavaria,,2020-03-16,-4.0,25.0,39.0,-31.0,-20.0,7.0
DE,Germany,Bavaria,,2020-03-17,-24.0,6.0,11.0,-41.0,-26.0,11.0
DE,Germany,Bavaria,,2020-03-18,-42.0,-2.0,41.0,-44.0,-31.0,12.0
DE,Germany,Bavaria,,2020-03-19,-48.0,-6.0,16.0,-50.0,-34.0,14.0
DE,Germany,Bavaria,,2020-03-20,-49.0,4.0,-3.0,-52.0,-36.0,15.0
DE,Germany,Bavaria,,2020-03-21,-85.0,-43.0,-72.0,-74.0,-40.0,17.0
DE,Germany,Bavaria,,2020-03-22,-81.0,-48.0,-36.0,-71.0,-43.0,12.0
DE,Germany,Bavaria,,2020-03-23,-67.0,-20.0,-24.0,-63.0,-43.0,19.0
DE,Germany,Bavaria,,2020-03-24,-67.0,-23.0,-9.0,-63.0,-45.0,20.0
DE,Germany,Bavaria,,2020-03-25,-68.0,-23.0,-19.0,-63.0,-46.0,20.0
DE,Germany,Bavaria,,2020-03-26,-69.0,-21.0,-33.0,-65.0,-47.0,21.0
DE,Germany,Bavaria,,2020-03-27,-68.0,-17.0,-3.0,-63.0,-46.0,21.0
DE,Germany,Bavaria,,2020-03-28,-75.0,-23.0,6.0,-62.0,-38.0,14.0
DE,Germany,Bavaria,,2020-03-29,-80.0,-49.0,-50.0,-73.0,-43.0,12.0
DE,Germany,Bavaria,,2020-03-30,-63.0,-18.0,-21.0,-62.0,-45.0,19.0
DE,Germany,Bavaria,,2020-03-31,-63.0,-17.0,-13.0,-60.0,-45.0,20.0
DE,Germany,Bavaria,,2020-04-01,-62.0,-16.0,6.0,-59.0,-45.0,19.0
DE,Germany,Bavaria,,2020-04-02,-62.0,-14.0,-2.0,-60.0,-46.0,19.0
DE,Germany,Bavaria,,2020-04-03,-67.0,-13.0,-25.0,-63.0,-46.0,21.0
DE,Germany,Bavaria,,2020-04-04,-73.0,-18.0,-10.0,-61.0,-37.0,14.0
DE,Germany,Bavaria,,2020-04-05,-65.0,-19.0,21.0,-60.0,-39.0,10.0
DE,Germany,Bavaria,,2020-04-06,-56.0,-8.0,22.0,-57.0,-46.0,18.0
DE,Germany,Bavaria,,2020-04-07,-56.0,-6.0,37.0,-56.0,-47.0,18.0
DE,Germany,Bavaria,,2020-04-08,-55.0,7.0,27.0,-56.0,-47.0,17.0
DE,Germany,Bavaria,,2020-04-09,-53.0,14.0,8.0,-57.0,-49.0,17.0
DE,Germany,Bavaria,,2020-04-10,-82.0,-93.0,39.0,-75.0,-88.0,31.0
DE,Germany,Bavaria,,2020-04-11,-67.0,-2.0,5.0,-57.0,-35.0,12.0
DE,Germany,Bavaria,,2020-04-12,-66.0,-26.0,26.0,-60.0,-38.0,10.0
DE,Germany,Bavaria,,2020-04-13,-81.0,-94.0,24.0,-77.0,-89.0,31.0
DE,Germany,Bavaria,,2020-04-14,-57.0,0.0,-8.0,-58.0,-47.0,19.0
DE,Germany,Bavaria,,2020-04-15,-56.0,-11.0,25.0,-55.0,-46.0,18.0
DE,Germany,Bavaria,,2020-04-16,-63.0,-5.0,29.0,-55.0,-46.0,18.0
DE,Germany,Bavaria,,2020-04-17,-66.0,-7.0,25.0,-56.0,-46.0,19.0
DE,Germany,Bavaria,,2020-04-18,-74.0,-15.0,4.0,-56.0,-29.0,12.0
DE,Germany,Bavaria,,2020-04-19,-63.0,-9.0,20.0,-57.0,-31.0,9.0
DE,Germany,Bavaria,,2020-04-20,-53.0,-11.0,14.0,-52.0,-38.0,15.0
DE,Germany,Bavaria,,2020-04-21,-54.0,-11.0,33.0,-51.0,-38.0,16.0
DE,Germany,Bavaria,,2020-04-22,-54.0,-11.0,43.0,-49.0,-38.0,15.0
DE,Germany,Bavaria,,2020-04-23,-55.0,-9.0,34.0,-50.0,-38.0,16.0
DE,Germany,Bavaria,,2020-04-24,-59.0,-9.0,12.0,-53.0,-39.0,17.0
DE,Germany,Bavaria,,2020-04-25,-64.0,-11.0,27.0,-49.0,-25.0,10.0
DE,Germany,Bavaria,,2020-04-26,-53.0,9.0,67.0,-48.0,-26.0,7.0
DE,Germany,Bavaria,,2020-04-27,-46.0,-11.0,31.0,-47.0,-34.0,14.0
DE,Germany,Bavaria,,2020-04-28,-51.0,-11.0,16.0,-48.0,-34.0,14.0
DE,Germany,Bavaria,,2020-04-29,-52.0,-1.0,-7.0,-48.0,-34.0,15.0
DE,Germany,Bavaria,,2020-04-30,-41.0,19.0,-25.0,-46.0,-36.0,14.0
DE,Germany,Bavaria,,2020-05-01,-84.0,-92.0,-15.0,-73.0,-86.0,30.0
DE,Germany,Bavaria,,2020-05-02,-52.0,4.0,-38.0,-51.0,-23.0,11.0
DE,Germany,Bavaria,,2020-05-03,-60.0,8.0,29.0,-46.0,-24.0,8.0
DE,Germany,Bavaria,,2020-05-04,-38.0,-5.0,-13.0,-45.0,-31.0,13.0
DE,Germany,Bavaria,,2020-05-05,-42.0,-6.0,9.0,-43.0,-31.0,14.0
DE,Germany,Bavaria,,2020-05-06,-39.0,-5.0,35.0,-39.0,-30.0,12.0
DE,Germany,Bavaria,,2020-05-07,-36.0,-4.0,37.0,-40.0,-31.0,12.0
DE,Germany,Bavaria,,2020-05-08,-40.0,-2.0,40.0,-41.0,-31.0,12.0
DE,Germany,Bavaria,,2020-05-09,-45.0,0.0,18.0,-39.0,-14.0,7.0
DE,Germany,Berlin,,2020-02-15,5.0,6.0,46.0,5.0,1.0,-1.0
DE,Germany,Berlin,,2020-02-16,1.0,3.0,-2.0,1.0,-2.0,0.0
DE,Germany,Berlin,,2020-02-17,6.0,3.0,15.0,4.0,1.0,0.0
DE,Germany,Berlin,,2020-02-18,2.0,0.0,3.0,-1.0,1.0,1.0
DE,Germany,Berlin,,2020-02-19,0.0,-2.0,8.0,1.0,0.0,0.0
DE,Germany,Berlin,,2020-02-20,2.0,0.0,11.0,0.0,0.0,0.0
DE,Germany,Berlin,,2020-02-21,0.0,1.0,11.0,0.0,0.0,1.0
DE,Germany,Berlin,,2020-02-22,1.0,1.0,28.0,3.0,1.0,0.0
DE,Germany,Berlin,,2020-02-23,11.0,107.0,-24.0,-4.0,0.0,0.0
DE,Germany,Berlin,,2020-02-24,4.0,1.0,10.0,0.0,0.0,1.0
DE,Germany,Berlin,,2020-02-25,3.0,1.0,11.0,3.0,1.0,1.0
DE,Germany,Berlin,,2020-02-26,-1.0,1.0,6.0,-1.0,0.0,1.0
DE,Germany,Berlin,,2020-02-27,4.0,7.0,9.0,-1.0,0.0,1.0
DE,Germany,Berlin,,2020-02-28,4.0,11.0,9.0,-1.0,0.0,1.0
DE,Germany,Berlin,,2020-02-29,4.0,12.0,27.0,1.0,2.0,0.0
DE,Germany,Berlin,,2020-03-01,7.0,14.0,11.0,3.0,1.0,-1.0
DE,Germany,Berlin,,2020-03-02,3.0,12.0,6.0,-2.0,1.0,1.0
DE,Germany,Berlin,,2020-03-03,-3.0,7.0,-8.0,-7.0,0.0,2.0
DE,Germany,Berlin,,2020-03-04,-1.0,7.0,9.0,-2.0,0.0,1.0
DE,Germany,Berlin,,2020-03-05,0.0,4.0,12.0,-5.0,0.0,1.0
DE,Germany,Berlin,,2020-03-06,-10.0,-3.0,-15.0,-9.0,-2.0,3.0
DE,Germany,Berlin,,2020-03-07,-4.0,1.0,5.0,-6.0,0.0,2.0
DE,Germany,Berlin,,2020-03-08,7.0,13.0,18.0,-1.0,0.0,0.0
DE,Germany,Berlin,,2020-03-09,-3.0,2.0,-3.0,-6.0,-1.0,2.0
DE,Germany,Berlin,,2020-03-10,-9.0,-3.0,-17.0,-10.0,-2.0,3.0
DE,Germany,Berlin,,2020-03-11,-4.0,6.0,14.0,-7.0,-3.0,2.0
DE,Germany,Berlin,,2020-03-12,-10.0,8.0,-8.0,-14.0,-5.0,4.0
DE,Germany,Berlin,,2020-03-13,-19.0,20.0,-22.0,-21.0,-9.0,6.0
DE,Germany,Berlin,,2020-03-14,-21.0,18.0,25.0,-24.0,-4.0,4.0
DE,Germany,Berlin,,2020-03-15,-37.0,-8.0,23.0,-30.0,-12.0,4.0
DE,Germany,Berlin,,2020-03-16,-17.0,26.0,10.0,-28.0,-20.0,8.0
DE,Germany,Berlin,,2020-03-17,-28.0,14.0,-1.0,-40.0,-34.0,13.0
DE,Germany,Berlin,,2020-03-18,-40.0,10.0,16.0,-41.0,-39.0,13.0
DE,Germany,Berlin,,2020-03-19,-50.0,0.0,-27.0,-50.0,-43.0,17.0
DE,Germany,Berlin,,2020-03-20,-57.0,-1.0,-43.0,-56.0,-45.0,20.0
DE,Germany,Berlin,,2020-03-21,-65.0,-11.0,-26.0,-58.0,-32.0,13.0
DE,Germany,Berlin,,2020-03-22,-74.0,-34.0,-12.0,-60.0,-35.0,10.0
DE,Germany,Berlin,,2020-03-23,-60.0,-11.0,-28.0,-57.0,-51.0,20.0
DE,Germany,Berlin,,2020-03-24,-62.0,-14.0,-23.0,-59.0,-53.0,21.0
DE,Germany,Berlin,,2020-03-25,-63.0,-13.0,-15.0,-58.0,-54.0,21.0
DE,Germany,Berlin,,2020-03-26,-62.0,-13.0,-16.0,-59.0,-53.0,21.0
DE,Germany,Berlin,,2020-03-27,-63.0,-13.0,-10.0,-59.0,-53.0,21.0
DE,Germany,Berlin,,2020-03-28,-67.0,-15.0,6.0,-57.0,-36.0,12.0
DE,Germany,Berlin,,2020-03-29,-83.0,-55.0,-63.0,-70.0,-44.0,12.0
DE,Germany,Berlin,,2020-03-30,-61.0,-18.0,-51.0,-60.0,-53.0,21.0
DE,Germany,Berlin,,2020-03-31,-59.0,-11.0,-36.0,-57.0,-53.0,21.0
DE,Germany,Berlin,,2020-04-01,-58.0,-10.0,-17.0,-55.0,-53.0,20.0
DE,Germany,Berlin,,2020-04-02,-59.0,-11.0,-28.0,-58.0,-54.0,21.0
DE,Germany,Berlin,,2020-04-03,-63.0,-11.0,-32.0,-59.0,-53.0,22.0
DE,Germany,Berlin,,2020-04-04,-65.0,-10.0,5.0,-56.0,-35.0,12.0
DE,Germany,Berlin,,2020-04-05,-67.0,-17.0,33.0,-54.0,-33.0,8.0
DE,Germany,Berlin,,2020-04-06,-50.0,-5.0,13.0,-52.0,-53.0,18.0
DE,Germany,Berlin,,2020-04-07,-51.0,-2.0,11.0,-53.0,-53.0,18.0
DE,Germany,Berlin,,2020-04-08,-50.0,8.0,24.0,-51.0,-53.0,16.0
DE,Germany,Berlin,,2020-04-09,-48.0,14.0,-1.0,-53.0,-54.0,17.0
DE,Germany,Berlin,,2020-04-10,-82.0,-91.0,16.0,-70.0,-85.0,29.0
DE,Germany,Berlin,,2020-04-11,-59.0,6.0,10.0,-51.0,-31.0,10.0
DE,Germany,Berlin,,2020-04-12,-67.0,-19.0,55.0,-50.0,-25.0,5.0
DE,Germany,Berlin,,2020-04-13,-85.0,-93.0,-29.0,-75.0,-87.0,30.0
DE,Germany,Berlin,,2020-04-14,-52.0,1.0,-21.0,-54.0,-54.0,19.0
DE,Germany,Berlin,,2020-04-15,-53.0,-7.0,-1.0,-53.0,-53.0,19.0
DE,Germany,Berlin,,2020-04-16,-61.0,2.0,20.0,-51.0,-52.0,18.0
DE,Germany,Berlin,,2020-04-17,-64.0,0.0,13.0,-52.0,-51.0,18.0
DE,Germany,Berlin,,2020-04-18,-68.0,-9.0,39.0,-47.0,-22.0,9.0
DE,Germany,Berlin,,2020-04-19,-68.0,,38.0,-50.0,-23.0,7.0
DE,Germany,Berlin,,2020-04-20,-58.0,-10.0,6.0,-49.0,-45.0,17.0
DE,Germany,Berlin,,2020-04-21,-60.0,-9.0,8.0,-49.0,-45.0,17.0
DE,Germany,Berlin,,2020-04-22,-56.0,-7.0,28.0,-46.0,-44.0,15.0
DE,Germany,Berlin,,2020-04-23,-55.0,-6.0,31.0,-46.0,-44.0,15.0
DE,Germany,Berlin,,2020-04-24,-60.0,-9.0,12.0,-49.0,-44.0,16.0
DE,Germany,Berlin,,2020-04-25,-64.0,-7.0,3.0,-48.0,-22.0,10.0
DE,Germany,Berlin,,2020-04-26,-65.0,,40.0,-47.0,-20.0,6.0
DE,Germany,Berlin,,2020-04-27,-52.0,-9.0,26.0,-45.0,-41.0,14.0
DE,Germany,Berlin,,2020-04-28,-54.0,-8.0,14.0,-46.0,-41.0,14.0
DE,Germany,Berlin,,2020-04-29,-57.0,-4.0,-15.0,-45.0,-43.0,16.0
DE,Germany,Berlin,,2020-04-30,-45.0,17.0,-10.0,-43.0,-43.0,14.0
DE,Germany,Berlin,,2020-05-01,-82.0,-89.0,11.0,-64.0,-82.0,27.0
DE,Germany,Berlin,,2020-05-02,-54.0,5.0,-18.0,-45.0,-21.0,10.0
DE,Germany,Berlin,,2020-05-03,-70.0,,12.0,-48.0,-21.0,7.0
DE,Germany,Berlin,,2020-05-04,-46.0,-6.0,-25.0,-44.0,-40.0,15.0
DE,Germany,Berlin,,2020-05-05,-49.0,-7.0,-20.0,-45.0,-40.0,15.0
DE,Germany,Berlin,,2020-05-06,-45.0,1.0,31.0,-39.0,-38.0,13.0
DE,Germany,Berlin,,2020-05-07,-40.0,15.0,14.0,-40.0,-38.0,12.0
DE,Germany,Berlin,,2020-05-08,-77.0,-86.0,59.0,-57.0,-74.0,20.0
DE,Germany,Berlin,,2020-05-09,-45.0,8.0,70.0,-32.0,-7.0,3.0
DE,Germany,Brandenburg,,2020-02-15,10.0,5.0,48.0,9.0,1.0,0.0
DE,Germany,Brandenburg,,2020-02-16,3.0,0.0,-14.0,0.0,0.0,0.0
DE,Germany,Brandenburg,,2020-02-17,3.0,4.0,9.0,1.0,0.0,1.0
DE,Germany,Brandenburg,,2020-02-18,1.0,1.0,8.0,1.0,0.0,1.0
DE,Germany,Brandenburg,,2020-02-19,0.0,-1.0,-2.0,-3.0,0.0,1.0
DE,Germany,Brandenburg,,2020-02-20,2.0,1.0,10.0,0.0,-1.0,1.0
DE,Germany,Brandenburg,,2020-02-21,0.0,1.0,0.0,-2.0,0.0,1.0
DE,Germany,Brandenburg,,2020-02-22,4.0,1.0,25.0,3.0,-1.0,0.0
DE,Germany,Brandenburg,,2020-02-23,-9.0,-7.0,-42.0,-9.0,0.0,1.0
DE,Germany,Brandenburg,,2020-02-24,-1.0,2.0,5.0,-3.0,-1.0,1.0
DE,Germany,Brandenburg,,2020-02-25,0.0,0.0,11.0,0.0,0.0,1.0
DE,Germany,Brandenburg,,2020-02-26,-3.0,1.0,0.0,-3.0,0.0,1.0
DE,Germany,Brandenburg,,2020-02-27,3.0,7.0,9.0,0.0,0.0,1.0
DE,Germany,Brandenburg,,2020-02-28,4.0,10.0,5.0,0.0,0.0,1.0
DE,Germany,Brandenburg,,2020-02-29,5.0,10.0,34.0,1.0,1.0,0.0
DE,Germany,Brandenburg,,2020-03-01,15.0,23.0,23.0,6.0,2.0,0.0
DE,Germany,Brandenburg,,2020-03-02,3.0,10.0,11.0,-2.0,0.0,1.0
DE,Germany,Brandenburg,,2020-03-03,-1.0,4.0,3.0,-5.0,0.0,1.0
DE,Germany,Brandenburg,,2020-03-04,2.0,5.0,17.0,0.0,1.0,1.0
DE,Germany,Brandenburg,,2020-03-05,4.0,5.0,26.0,-1.0,0.0,1.0
DE,Germany,Brandenburg,,2020-03-06,-3.0,0.0,-7.0,-6.0,-1.0,2.0
DE,Germany,Brandenburg,,2020-03-07,4.0,4.0,19.0,-2.0,0.0,1.0
DE,Germany,Brandenburg,,2020-03-08,29.0,23.0,43.0,8.0,6.0,-1.0
DE,Germany,Brandenburg,,2020-03-09,-1.0,3.0,5.0,-4.0,-1.0,2.0
DE,Germany,Brandenburg,,2020-03-10,-3.0,0.0,0.0,-6.0,-1.0,2.0
DE,Germany,Brandenburg,,2020-03-11,3.0,5.0,30.0,-2.0,0.0,1.0
DE,Germany,Brandenburg,,2020-03-12,-2.0,7.0,10.0,-7.0,-2.0,2.0
DE,Germany,Brandenburg,,2020-03-13,-4.0,17.0,-4.0,-13.0,-3.0,3.0
DE,Germany,Brandenburg,,2020-03-14,-2.0,21.0,78.0,-7.0,0.0,2.0
DE,Germany,Brandenburg,,2020-03-15,-5.0,3.0,66.0,-11.0,0.0,2.0
DE,Germany,Brandenburg,,2020-03-16,4.0,27.0,39.0,-16.0,-8.0,4.0
DE,Germany,Brandenburg,,2020-03-17,0.0,21.0,45.0,-21.0,-14.0,6.0
DE,Germany,Brandenburg,,2020-03-18,-17.0,12.0,65.0,-27.0,-24.0,9.0
DE,Germany,Brandenburg,,2020-03-19,-27.0,6.0,22.0,-36.0,-28.0,12.0
DE,Germany,Brandenburg,,2020-03-20,-36.0,1.0,-15.0,-45.0,-30.0,14.0
DE,Germany,Brandenburg,,2020-03-21,-48.0,-8.0,25.0,-42.0,-20.0,10.0
DE,Germany,Brandenburg,,2020-03-22,-55.0,-26.0,29.0,-43.0,-21.0,7.0
DE,Germany,Brandenburg,,2020-03-23,-40.0,-4.0,-1.0,-48.0,-35.0,15.0
DE,Germany,Brandenburg,,2020-03-24,-45.0,-10.0,10.0,-48.0,-38.0,16.0
DE,Germany,Brandenburg,,2020-03-25,-44.0,-8.0,12.0,-47.0,-38.0,15.0
DE,Germany,Brandenburg,,2020-03-26,-42.0,-6.0,19.0,-46.0,-38.0,16.0
DE,Germany,Brandenburg,,2020-03-27,-44.0,-9.0,21.0,-48.0,-38.0,16.0
DE,Germany,Brandenburg,,2020-03-28,-51.0,-10.0,76.0,-39.0,-23.0,10.0
DE,Germany,Brandenburg,,2020-03-29,-75.0,-52.0,-53.0,-63.0,-31.0,9.0
DE,Germany,Brandenburg,,2020-03-30,-42.0,-9.0,-22.0,-52.0,-38.0,16.0
DE,Germany,Brandenburg,,2020-03-31,-40.0,-6.0,-3.0,-47.0,-38.0,16.0
DE,Germany,Brandenburg,,2020-04-01,-39.0,-5.0,11.0,-44.0,-38.0,14.0
DE,Germany,Brandenburg,,2020-04-02,-39.0,-4.0,0.0,-46.0,-38.0,15.0
DE,Germany,Brandenburg,,2020-04-03,-41.0,-6.0,-8.0,-49.0,-38.0,16.0
DE,Germany,Brandenburg,,2020-04-04,-47.0,-6.0,41.0,-40.0,-22.0,10.0
DE,Germany,Brandenburg,,2020-04-05,-46.0,-7.0,70.0,-35.0,-17.0,6.0
DE,Germany,Brandenburg,,2020-04-06,-24.0,4.0,37.0,-41.0,-39.0,13.0
DE,Germany,Brandenburg,,2020-04-07,-25.0,7.0,46.0,-40.0,-40.0,13.0
DE,Germany,Brandenburg,,2020-04-08,-22.0,22.0,54.0,-38.0,-40.0,12.0
DE,Germany,Brandenburg,,2020-04-09,-18.0,23.0,47.0,-38.0,-42.0,12.0
DE,Germany,Brandenburg,,2020-04-10,-80.0,-92.0,64.0,-63.0,-83.0,28.0
DE,Germany,Brandenburg,,2020-04-11,-35.0,19.0,69.0,-32.0,-18.0,8.0
DE,Germany,Brandenburg,,2020-04-12,-45.0,-11.0,116.0,-27.0,-10.0,3.0
DE,Germany,Brandenburg,,2020-04-13,-83.0,-94.0,5.0,-70.0,-86.0,29.0
DE,Germany,Brandenburg,,2020-04-14,-27.0,7.0,13.0,-43.0,-42.0,14.0
DE,Germany,Brandenburg,,2020-04-15,-31.0,-3.0,28.0,-41.0,-41.0,14.0
DE,Germany,Brandenburg,,2020-04-16,-42.0,9.0,59.0,-36.0,-39.0,14.0
DE,Germany,Brandenburg,,2020-04-17,-45.0,4.0,37.0,-39.0,-38.0,14.0
DE,Germany,Brandenburg,,2020-04-18,-51.0,0.0,95.0,-27.0,-11.0,7.0
DE,Germany,Brandenburg,,2020-04-19,-45.0,-7.0,74.0,-30.0,-8.0,5.0
DE,Germany,Brandenburg,,2020-04-20,-40.0,-3.0,22.0,-37.0,-29.0,12.0
DE,Germany,Brandenburg,,2020-04-21,-44.0,-4.0,33.0,-36.0,-30.0,12.0
DE,Germany,Brandenburg,,2020-04-22,-37.0,0.0,47.0,-32.0,-28.0,10.0
DE,Germany,Brandenburg,,2020-04-23,-37.0,3.0,58.0,-32.0,-29.0,11.0
DE,Germany,Brandenburg,,2020-04-24,-41.0,0.0,40.0,-35.0,-28.0,11.0
DE,Germany,Brandenburg,,2020-04-25,-46.0,5.0,62.0,-26.0,-9.0,7.0
DE,Germany,Brandenburg,,2020-04-26,-38.0,6.0,93.0,-25.0,-4.0,4.0
DE,Germany,Brandenburg,,2020-04-27,-36.0,-9.0,48.0,-32.0,-25.0,10.0
DE,Germany,Brandenburg,,2020-04-28,-38.0,-6.0,51.0,-31.0,-26.0,9.0
DE,Germany,Brandenburg,,2020-04-29,-37.0,10.0,17.0,-31.0,-26.0,10.0
DE,Germany,Brandenburg,,2020-04-30,-17.0,30.0,22.0,-27.0,-27.0,8.0
DE,Germany,Brandenburg,,2020-05-01,-79.0,-92.0,62.0,-58.0,-80.0,26.0
DE,Germany,Brandenburg,,2020-05-02,-28.0,20.0,25.0,-26.0,-9.0,7.0
DE,Germany,Brandenburg,,2020-05-03,-48.0,0.0,48.0,-29.0,-6.0,4.0
DE,Germany,Brandenburg,,2020-05-04,-25.0,1.0,-13.0,-33.0,-23.0,10.0
DE,Germany,Brandenburg,,2020-05-05,-30.0,-3.0,1.0,-31.0,-23.0,10.0
DE,Germany,Brandenburg,,2020-05-06,-26.0,1.0,31.0,-24.0,-20.0,8.0
DE,Germany,Brandenburg,,2020-05-07,-21.0,7.0,33.0,-26.0,-21.0,8.0
DE,Germany,Brandenburg,,2020-05-08,-15.0,7.0,100.0,-22.0,-32.0,11.0
DE,Germany,Brandenburg,,2020-05-09,-26.0,8.0,153.0,-6.0,4.0,3.0
DE,Germany,Bremen,,2020-02-15,4.0,3.0,93.0,13.0,0.0,-1.0
DE,Germany,Bremen,,2020-02-16,-12.0,-20.0,7.0,-8.0,-3.0,0.0
DE,Germany,Bremen,,2020-02-17,-2.0,0.0,14.0,1.0,0.0,0.0
DE,Germany,Bremen,,2020-02-18,3.0,1.0,4.0,0.0,-1.0,1.0
DE,Germany,Bremen,,2020-02-19,3.0,-3.0,1.0,0.0,-2.0,1.0
DE,Germany,Bremen,,2020-02-20,3.0,0.0,-2.0,1.0,-1.0,1.0
DE,Germany,Bremen,,2020-02-21,2.0,-1.0,19.0,3.0,-1.0,1.0
DE,Germany,Bremen,,2020-02-22,7.0,-4.0,10.0,12.0,-3.0,1.0
DE,Germany,Bremen,,2020-02-23,-12.0,-30.0,-28.0,-11.0,-4.0,1.0
DE,Germany,Bremen,,2020-02-24,-9.0,-8.0,-7.0,-2.0,-1.0,1.0
DE,Germany,Bremen,,2020-02-25,1.0,1.0,4.0,-1.0,0.0,1.0
DE,Germany,Bremen,,2020-02-26,-1.0,1.0,5.0,-1.0,0.0,1.0
DE,Germany,Bremen,,2020-02-27,0.0,4.0,-5.0,0.0,-1.0,1.0
DE,Germany,Bremen,,2020-02-28,9.0,11.0,25.0,9.0,-1.0,0.0
DE,Germany,Bremen,,2020-02-29,5.0,7.0,27.0,8.0,0.0,0.0
DE,Germany,Bremen,,2020-03-01,-1.0,16.0,26.0,0.0,-1.0,0.0
DE,Germany,Bremen,,2020-03-02,0.0,9.0,12.0,3.0,1.0,0.0
DE,Germany,Bremen,,2020-03-03,6.0,6.0,12.0,0.0,0.0,1.0
DE,Germany,Bremen,,2020-03-04,0.0,3.0,4.0,-2.0,-1.0,1.0
DE,Germany,Bremen,,2020-03-05,0.0,2.0,12.0,-3.0,-1.0,1.0
DE,Germany,Bremen,,2020-03-06,-3.0,-3.0,-13.0,-1.0,-2.0,2.0
DE,Germany,Bremen,,2020-03-07,0.0,2.0,42.0,1.0,3.0,0.0
DE,Germany,Bremen,,2020-03-08,-3.0,-7.0,25.0,-8.0,-1.0,0.0
DE,Germany,Bremen,,2020-03-09,-2.0,1.0,23.0,0.0,0.0,0.0
DE,Germany,Bremen,,2020-03-10,-5.0,-2.0,-21.0,-6.0,-1.0,2.0
DE,Germany,Bremen,,2020-03-11,2.0,5.0,47.0,-2.0,-2.0,1.0
DE,Germany,Bremen,,2020-03-12,-6.0,7.0,-7.0,-9.0,-4.0,3.0
DE,Germany,Bremen,,2020-03-13,-11.0,17.0,-7.0,-13.0,-7.0,4.0
DE,Germany,Bremen,,2020-03-14,-20.0,12.0,43.0,-19.0,-4.0,3.0
DE,Germany,Bremen,,2020-03-15,-35.0,-13.0,60.0,-31.0,-8.0,3.0
DE,Germany,Bremen,,2020-03-16,-10.0,19.0,42.0,-26.0,-21.0,6.0
DE,Germany,Bremen,,2020-03-17,-15.0,14.0,8.0,-36.0,-27.0,9.0
DE,Germany,Bremen,,2020-03-18,-40.0,4.0,11.0,-41.0,-32.0,11.0
DE,Germany,Bremen,,2020-03-19,-48.0,-3.0,-15.0,-49.0,-36.0,14.0
DE,Germany,Bremen,,2020-03-20,-53.0,-5.0,-15.0,-53.0,-38.0,16.0
DE,Germany,Bremen,,2020-03-21,-68.0,-19.0,-20.0,-60.0,-30.0,12.0
DE,Germany,Bremen,,2020-03-22,-74.0,-44.0,36.0,-65.0,-35.0,8.0
DE,Germany,Bremen,,2020-03-23,-55.0,-15.0,0.0,-56.0,-43.0,16.0
DE,Germany,Bremen,,2020-03-24,-57.0,-17.0,8.0,-58.0,-46.0,17.0
DE,Germany,Bremen,,2020-03-25,-57.0,-15.0,31.0,-57.0,-46.0,17.0
DE,Germany,Bremen,,2020-03-26,-56.0,-14.0,12.0,-58.0,-46.0,17.0
DE,Germany,Bremen,,2020-03-27,-58.0,-13.0,42.0,-58.0,-46.0,18.0
DE,Germany,Bremen,,2020-03-28,-68.0,-18.0,14.0,-61.0,-35.0,12.0
DE,Germany,Bremen,,2020-03-29,-79.0,-54.0,-22.0,-74.0,-40.0,10.0
DE,Germany,Bremen,,2020-03-30,-56.0,-17.0,-31.0,-58.0,-47.0,17.0
DE,Germany,Bremen,,2020-03-31,-49.0,-6.0,18.0,-52.0,-46.0,16.0
DE,Germany,Bremen,,2020-04-01,-54.0,-12.0,-13.0,-58.0,-48.0,17.0
DE,Germany,Bremen,,2020-04-02,-54.0,-11.0,-12.0,-58.0,-48.0,18.0
DE,Germany,Bremen,,2020-04-03,-57.0,-10.0,-4.0,-59.0,-48.0,18.0
DE,Germany,Bremen,,2020-04-04,-65.0,-12.0,20.0,-57.0,-35.0,12.0
DE,Germany,Bremen,,2020-04-05,-64.0,-22.0,111.0,-59.0,-32.0,7.0
DE,Germany,Bremen,,2020-04-06,-45.0,-5.0,86.0,-51.0,-47.0,14.0
DE,Germany,Bremen,,2020-04-07,-45.0,-1.0,53.0,-54.0,-48.0,15.0
DE,Germany,Bremen,,2020-04-08,-45.0,10.0,71.0,-53.0,-48.0,14.0
DE,Germany,Bremen,,2020-04-09,-41.0,17.0,38.0,-53.0,-50.0,14.0
DE,Germany,Bremen,,2020-04-10,-83.0,-92.0,66.0,-74.0,-85.0,27.0
DE,Germany,Bremen,,2020-04-11,-60.0,5.0,31.0,-55.0,-31.0,9.0
DE,Germany,Bremen,,2020-04-12,-69.0,-35.0,107.0,-60.0,-25.0,5.0
DE,Germany,Bremen,,2020-04-13,-85.0,-93.0,15.0,-76.0,-87.0,26.0
DE,Germany,Bremen,,2020-04-14,-47.0,2.0,-13.0,-55.0,-47.0,16.0
DE,Germany,Bremen,,2020-04-15,-48.0,-7.0,61.0,-50.0,-45.0,15.0
DE,Germany,Bremen,,2020-04-16,-57.0,2.0,48.0,-52.0,-44.0,15.0
DE,Germany,Bremen,,2020-04-17,-59.0,-2.0,65.0,-52.0,-43.0,16.0
DE,Germany,Bremen,,2020-04-18,-69.0,-12.0,51.0,-51.0,-23.0,9.0
DE,Germany,Bremen,,2020-04-19,-68.0,-22.0,99.0,-56.0,-21.0,6.0
DE,Germany,Bremen,,2020-04-20,-49.0,-8.0,48.0,-46.0,-38.0,12.0
DE,Germany,Bremen,,2020-04-21,-49.0,-6.0,42.0,-47.0,-38.0,13.0
DE,Germany,Bremen,,2020-04-22,-50.0,-5.0,64.0,-46.0,-38.0,13.0
DE,Germany,Bremen,,2020-04-23,-50.0,-2.0,66.0,-46.0,-38.0,13.0
DE,Germany,Bremen,,2020-04-24,-55.0,-6.0,32.0,-50.0,-38.0,14.0
DE,Germany,Bremen,,2020-04-25,-63.0,-7.0,29.0,-50.0,-21.0,9.0
DE,Germany,Bremen,,2020-04-26,-70.0,-25.0,76.0,-58.0,-23.0,7.0
DE,Germany,Bremen,,2020-04-27,-51.0,-15.0,71.0,-44.0,-34.0,11.0
DE,Germany,Bremen,,2020-04-28,-52.0,-9.0,8.0,-48.0,-36.0,12.0
DE,Germany,Bremen,,2020-04-29,-53.0,0.0,-3.0,-47.0,-37.0,14.0
DE,Germany,Bremen,,2020-04-30,-37.0,24.0,-5.0,-40.0,-37.0,11.0
DE,Germany,Bremen,,2020-05-01,-87.0,-92.0,-10.0,-73.0,-83.0,28.0
DE,Germany,Bremen,,2020-05-02,-51.0,7.0,-26.0,-47.0,-20.0,9.0
DE,Germany,Bremen,,2020-05-03,-71.0,-23.0,61.0,-55.0,-20.0,7.0
DE,Germany,Bremen,,2020-05-04,-37.0,-3.0,21.0,-40.0,-32.0,11.0
DE,Germany,Bremen,,2020-05-05,-41.0,-3.0,12.0,-42.0,-32.0,12.0
DE,Germany,Bremen,,2020-05-06,-41.0,-3.0,47.0,-40.0,-31.0,11.0
DE,Germany,Bremen,,2020-05-07,-39.0,-4.0,41.0,-43.0,-32.0,11.0
DE,Germany,Bremen,,2020-05-08,-41.0,-6.0,75.0,-41.0,-30.0,11.0
DE,Germany,Bremen,,2020-05-09,-51.0,-4.0,75.0,-36.0,-10.0,5.0
DE,Germany,Hamburg,,2020-02-15,6.0,2.0,51.0,10.0,1.0,-1.0
DE,Germany,Hamburg,,2020-02-16,-2.0,9.0,-2.0,0.0,0.0,1.0
DE,Germany,Hamburg,,2020-02-17,4.0,2.0,23.0,2.0,1.0,0.0
DE,Germany,Hamburg,,2020-02-18,5.0,2.0,13.0,3.0,0.0,0.0
DE,Germany,Hamburg,,2020-02-19,-2.0,-3.0,-9.0,-3.0,-1.0,1.0
DE,Germany,Hamburg,,2020-02-20,-3.0,-1.0,-8.0,0.0,-1.0,1.0
DE,Germany,Hamburg,,2020-02-21,2.0,1.0,15.0,6.0,-1.0,0.0
DE,Germany,Hamburg,,2020-02-22,2.0,-5.0,0.0,8.0,-1.0,1.0
DE,Germany,Hamburg,,2020-02-23,-4.0,-3.0,-26.0,0.0,-2.0,1.0
DE,Germany,Hamburg,,2020-02-24,-3.0,-6.0,0.0,-1.0,-2.0,2.0
DE,Germany,Hamburg,,2020-02-25,1.0,4.0,7.0,-1.0,-1.0,1.0
DE,Germany,Hamburg,,2020-02-26,-1.0,4.0,4.0,-3.0,-1.0,1.0
DE,Germany,Hamburg,,2020-02-27,1.0,6.0,10.0,-1.0,-1.0,1.0
DE,Germany,Hamburg,,2020-02-28,6.0,14.0,16.0,3.0,-1.0,0.0
DE,Germany,Hamburg,,2020-02-29,-2.0,3.0,11.0,3.0,1.0,-1.0
DE,Germany,Hamburg,,2020-03-01,-2.0,-1.0,1.0,1.0,1.0,0.0
DE,Germany,Hamburg,,2020-03-02,3.0,4.0,20.0,-4.0,-13.0,2.0
DE,Germany,Hamburg,,2020-03-03,-1.0,1.0,-2.0,-9.0,-14.0,3.0
DE,Germany,Hamburg,,2020-03-04,-4.0,-2.0,-7.0,-11.0,-14.0,3.0
DE,Germany,Hamburg,,2020-03-05,-4.0,-3.0,11.0,-9.0,-14.0,3.0
DE,Germany,Hamburg,,2020-03-06,-9.0,-7.0,-22.0,-11.0,-15.0,3.0
DE,Germany,Hamburg,,2020-03-07,-1.0,-6.0,29.0,4.0,-1.0,-1.0
DE,Germany,Hamburg,,2020-03-08,-4.0,0.0,9.0,-3.0,0.0,-1.0
DE,Germany,Hamburg,,2020-03-09,-3.0,-3.0,4.0,-10.0,-16.0,3.0
DE,Germany,Hamburg,,2020-03-10,-8.0,-7.0,-24.0,-13.0,-16.0,4.0
DE,Germany,Hamburg,,2020-03-11,-1.0,2.0,37.0,-11.0,-16.0,3.0
DE,Germany,Hamburg,,2020-03-12,-14.0,1.0,-22.0,-18.0,-18.0,5.0
DE,Germany,Hamburg,,2020-03-13,-19.0,12.0,-24.0,-22.0,-20.0,6.0
DE,Germany,Hamburg,,2020-03-14,-25.0,12.0,40.0,-20.0,-5.0,2.0
DE,Germany,Hamburg,,2020-03-15,-37.0,-10.0,36.0,-29.0,-8.0,4.0
DE,Germany,Hamburg,,2020-03-16,-20.0,22.0,37.0,-33.0,-28.0,11.0
DE,Germany,Hamburg,,2020-03-17,-38.0,14.0,14.0,-41.0,-37.0,14.0
DE,Germany,Hamburg,,2020-03-18,-49.0,5.0,-2.0,-49.0,-41.0,17.0
DE,Germany,Hamburg,,2020-03-19,-54.0,-3.0,-1.0,-54.0,-45.0,19.0
DE,Germany,Hamburg,,2020-03-20,-58.0,-3.0,-4.0,-58.0,-46.0,20.0
DE,Germany,Hamburg,,2020-03-21,-71.0,-18.0,-2.0,-61.0,-35.0,13.0
DE,Germany,Hamburg,,2020-03-22,-75.0,-41.0,16.0,-64.0,-37.0,11.0
DE,Germany,Hamburg,,2020-03-23,-60.0,-14.0,16.0,-61.0,-50.0,21.0
DE,Germany,Hamburg,,2020-03-24,-61.0,-15.0,24.0,-61.0,-52.0,22.0
DE,Germany,Hamburg,,2020-03-25,-63.0,-15.0,21.0,-62.0,-52.0,22.0
DE,Germany,Hamburg,,2020-03-26,-62.0,-14.0,27.0,-62.0,-52.0,22.0
DE,Germany,Hamburg,,2020-03-27,-62.0,-11.0,51.0,-61.0,-52.0,21.0
DE,Germany,Hamburg,,2020-03-28,-69.0,-18.0,45.0,-60.0,-38.0,13.0
DE,Germany,Hamburg,,2020-03-29,-80.0,-50.0,-34.0,-72.0,-42.0,12.0
DE,Germany,Hamburg,,2020-03-30,-61.0,-19.0,-20.0,-61.0,-51.0,22.0
DE,Germany,Hamburg,,2020-03-31,-56.0,-8.0,22.0,-57.0,-51.0,21.0
DE,Germany,Hamburg,,2020-04-01,-61.0,-14.0,-18.0,-61.0,-52.0,22.0
DE,Germany,Hamburg,,2020-04-02,-60.0,-12.0,-7.0,-61.0,-52.0,22.0
DE,Germany,Hamburg,,2020-04-03,-63.0,-10.0,-5.0,-61.0,-51.0,22.0
DE,Germany,Hamburg,,2020-04-04,-68.0,-12.0,28.0,-59.0,-36.0,13.0
DE,Germany,Hamburg,,2020-04-05,-65.0,-20.0,80.0,-56.0,-34.0,9.0
DE,Germany,Hamburg,,2020-04-06,-50.0,-5.0,113.0,-54.0,-50.0,19.0
DE,Germany,Hamburg,,2020-04-07,-52.0,2.0,81.0,-55.0,-51.0,19.0
DE,Germany,Hamburg,,2020-04-08,-52.0,10.0,68.0,-56.0,-51.0,19.0
DE,Germany,Hamburg,,2020-04-09,-50.0,19.0,41.0,-56.0,-52.0,19.0
DE,Germany,Hamburg,,2020-04-10,-84.0,-91.0,90.0,-74.0,-87.0,32.0
DE,Germany,Hamburg,,2020-04-11,-62.0,2.0,45.0,-56.0,-34.0,11.0
DE,Germany,Hamburg,,2020-04-12,-68.0,-22.0,91.0,-56.0,-31.0,7.0
DE,Germany,Hamburg,,2020-04-13,-84.0,-92.0,72.0,-75.0,-89.0,31.0
DE,Germany,Hamburg,,2020-04-14,-53.0,3.0,4.0,-57.0,-51.0,20.0
DE,Germany,Hamburg,,2020-04-15,-54.0,-5.0,47.0,-55.0,-51.0,20.0
DE,Germany,Hamburg,,2020-04-16,-63.0,2.0,56.0,-55.0,-50.0,20.0
DE,Germany,Hamburg,,2020-04-17,-64.0,3.0,86.0,-54.0,-48.0,19.0
DE,Germany,Hamburg,,2020-04-18,-71.0,-12.0,79.0,-50.0,-27.0,10.0
DE,Germany,Hamburg,,2020-04-19,-68.0,-10.0,80.0,-54.0,-26.0,8.0
DE,Germany,Hamburg,,2020-04-20,-55.0,-11.0,74.0,-50.0,-45.0,18.0
DE,Germany,Hamburg,,2020-04-21,-56.0,-6.0,73.0,-49.0,-45.0,18.0
DE,Germany,Hamburg,,2020-04-22,-57.0,-7.0,72.0,-50.0,-45.0,17.0
DE,Germany,Hamburg,,2020-04-23,-58.0,-6.0,97.0,-49.0,-45.0,17.0
DE,Germany,Hamburg,,2020-04-24,-60.0,-6.0,60.0,-51.0,-44.0,17.0
DE,Germany,Hamburg,,2020-04-25,-65.0,-9.0,49.0,-47.0,-24.0,10.0
DE,Germany,Hamburg,,2020-04-26,-70.0,-14.0,50.0,-55.0,-28.0,8.0
DE,Germany,Hamburg,,2020-04-27,-54.0,-14.0,111.0,-47.0,-42.0,16.0
DE,Germany,Hamburg,,2020-04-28,-57.0,-8.0,39.0,-49.0,-44.0,16.0
DE,Germany,Hamburg,,2020-04-29,-59.0,-3.0,-7.0,-51.0,-44.0,18.0
DE,Germany,Hamburg,,2020-04-30,-47.0,17.0,5.0,-47.0,-44.0,16.0
DE,Germany,Hamburg,,2020-05-01,-86.0,-91.0,34.0,-71.0,-86.0,31.0
DE,Germany,Hamburg,,2020-05-02,-54.0,4.0,-1.0,-47.0,-24.0,10.0
DE,Germany,Hamburg,,2020-05-03,-72.0,-5.0,41.0,-53.0,-25.0,8.0
DE,Germany,Hamburg,,2020-05-04,-42.0,-5.0,55.0,-43.0,-40.0,15.0
DE,Germany,Hamburg,,2020-05-05,-46.0,-4.0,58.0,-44.0,-40.0,16.0
DE,Germany,Hamburg,,2020-05-06,-47.0,-4.0,67.0,-44.0,-40.0,15.0
DE,Germany,Hamburg,,2020-05-07,-48.0,-4.0,56.0,-46.0,-40.0,15.0
DE,Germany,Hamburg,,2020-05-08,-47.0,-3.0,108.0,-42.0,-38.0,13.0
DE,Germany,Hamburg,,2020-05-09,-53.0,-5.0,116.0,-35.0,-13.0,5.0
DE,Germany,Hesse,,2020-02-15,7.0,3.0,42.0,7.0,2.0,0.0
DE,Germany,Hesse,,2020-02-16,11.0,16.0,35.0,7.0,0.0,-1.0
DE,Germany,Hesse,,2020-02-17,-1.0,0.0,5.0,-1.0,1.0,0.0
DE,Germany,Hesse,,2020-02-18,0.0,1.0,6.0,-1.0,1.0,0.0
DE,Germany,Hesse,,2020-02-19,1.0,0.0,5.0,-3.0,0.0,0.0
DE,Germany,Hesse,,2020-02-20,0.0,-1.0,0.0,3.0,-1.0,0.0
DE,Germany,Hesse,,2020-02-21,3.0,2.0,17.0,2.0,-2.0,1.0
DE,Germany,Hesse,,2020-02-22,2.0,1.0,25.0,7.0,-1.0,0.0
DE,Germany,Hesse,,2020-02-23,5.0,25.0,-12.0,7.0,-2.0,0.0
DE,Germany,Hesse,,2020-02-24,1.0,-6.0,1.0,-4.0,-18.0,3.0
DE,Germany,Hesse,,2020-02-25,0.0,-1.0,12.0,-5.0,-12.0,3.0
DE,Germany,Hesse,,2020-02-26,-5.0,0.0,-6.0,-6.0,-2.0,2.0
DE,Germany,Hesse,,2020-02-27,-9.0,0.0,-12.0,-2.0,-1.0,2.0
DE,Germany,Hesse,,2020-02-28,2.0,14.0,15.0,1.0,0.0,1.0
DE,Germany,Hesse,,2020-02-29,-1.0,8.0,6.0,1.0,1.0,1.0
DE,Germany,Hesse,,2020-03-01,9.0,24.0,37.0,4.0,0.0,0.0
DE,Germany,Hesse,,2020-03-02,0.0,10.0,13.0,-3.0,1.0,0.0
DE,Germany,Hesse,,2020-03-03,-1.0,6.0,12.0,-7.0,0.0,0.0
DE,Germany,Hesse,,2020-03-04,2.0,2.0,8.0,-7.0,0.0,1.0
DE,Germany,Hesse,,2020-03-05,-7.0,-2.0,-17.0,-8.0,-1.0,2.0
DE,Germany,Hesse,,2020-03-06,-3.0,0.0,-8.0,-7.0,0.0,2.0
DE,Germany,Hesse,,2020-03-07,2.0,0.0,31.0,-3.0,1.0,1.0
DE,Germany,Hesse,,2020-03-08,12.0,21.0,53.0,-3.0,0.0,0.0
DE,Germany,Hesse,,2020-03-09,-1.0,1.0,18.0,-8.0,0.0,1.0
DE,Germany,Hesse,,2020-03-10,-9.0,-2.0,-13.0,-12.0,-2.0,2.0
DE,Germany,Hesse,,2020-03-11,-3.0,1.0,3.0,-13.0,-2.0,2.0
DE,Germany,Hesse,,2020-03-12,-7.0,6.0,0.0,-12.0,-3.0,2.0
DE,Germany,Hesse,,2020-03-13,-8.0,20.0,7.0,-16.0,-3.0,3.0
DE,Germany,Hesse,,2020-03-14,-17.0,11.0,27.0,-24.0,-3.0,4.0
DE,Germany,Hesse,,2020-03-15,-5.0,21.0,127.0,-22.0,-6.0,2.0
DE,Germany,Hesse,,2020-03-16,-9.0,21.0,48.0,-32.0,-20.0,6.0
DE,Germany,Hesse,,2020-03-17,-18.0,13.0,35.0,-41.0,-28.0,10.0
DE,Germany,Hesse,,2020-03-18,-37.0,5.0,39.0,-47.0,-33.0,12.0
DE,Germany,Hesse,,2020-03-19,-45.0,-3.0,23.0,-51.0,-36.0,14.0
DE,Germany,Hesse,,2020-03-20,-49.0,0.0,-2.0,-56.0,-38.0,16.0
DE,Germany,Hesse,,2020-03-21,-67.0,-21.0,-35.0,-62.0,-31.0,14.0
DE,Germany,Hesse,,2020-03-22,-69.0,-25.0,32.0,-63.0,-37.0,9.0
DE,Germany,Hesse,,2020-03-23,-57.0,-17.0,2.0,-63.0,-43.0,17.0
DE,Germany,Hesse,,2020-03-24,-59.0,-18.0,16.0,-63.0,-46.0,18.0
DE,Germany,Hesse,,2020-03-25,-58.0,-18.0,16.0,-64.0,-46.0,18.0
DE,Germany,Hesse,,2020-03-26,-59.0,-17.0,5.0,-64.0,-47.0,19.0
DE,Germany,Hesse,,2020-03-27,-57.0,-14.0,36.0,-63.0,-46.0,19.0
DE,Germany,Hesse,,2020-03-28,-63.0,-21.0,54.0,-62.0,-34.0,12.0
DE,Germany,Hesse,,2020-03-29,-74.0,-40.0,-26.0,-72.0,-41.0,10.0
DE,Germany,Hesse,,2020-03-30,-51.0,-16.0,13.0,-63.0,-45.0,17.0
DE,Germany,Hesse,,2020-03-31,-52.0,-13.0,16.0,-61.0,-45.0,17.0
DE,Germany,Hesse,,2020-04-01,-51.0,-14.0,36.0,-62.0,-45.0,17.0
DE,Germany,Hesse,,2020-04-02,-52.0,-12.0,21.0,-63.0,-46.0,18.0
DE,Germany,Hesse,,2020-04-03,-56.0,-11.0,-9.0,-65.0,-45.0,19.0
DE,Germany,Hesse,,2020-04-04,-60.0,-16.0,38.0,-63.0,-32.0,12.0
DE,Germany,Hesse,,2020-04-05,-59.0,-6.0,96.0,-62.0,-34.0,8.0
DE,Germany,Hesse,,2020-04-06,-43.0,-8.0,57.0,-61.0,-47.0,15.0
DE,Germany,Hesse,,2020-04-07,-44.0,-2.0,56.0,-61.0,-48.0,16.0
DE,Germany,Hesse,,2020-04-08,-42.0,9.0,60.0,-61.0,-48.0,15.0
DE,Germany,Hesse,,2020-04-09,-41.0,10.0,39.0,-61.0,-50.0,16.0
DE,Germany,Hesse,,2020-04-10,-80.0,-92.0,103.0,-76.0,-86.0,28.0
DE,Germany,Hesse,,2020-04-11,-53.0,-1.0,54.0,-62.0,-32.0,11.0
DE,Germany,Hesse,,2020-04-12,-65.0,-16.0,79.0,-67.0,-30.0,7.0
DE,Germany,Hesse,,2020-04-13,-82.0,-93.0,18.0,-80.0,-88.0,29.0
DE,Germany,Hesse,,2020-04-14,-44.0,-1.0,17.0,-62.0,-48.0,16.0
DE,Germany,Hesse,,2020-04-15,-44.0,-10.0,55.0,-61.0,-47.0,16.0
DE,Germany,Hesse,,2020-04-16,-52.0,-4.0,62.0,-60.0,-47.0,16.0
DE,Germany,Hesse,,2020-04-17,-54.0,-4.0,71.0,-60.0,-45.0,17.0
DE,Germany,Hesse,,2020-04-18,-64.0,-15.0,37.0,-61.0,-24.0,11.0
DE,Germany,Hesse,,2020-04-19,-63.0,-3.0,72.0,-61.0,-28.0,7.0
DE,Germany,Hesse,,2020-04-20,-45.0,-11.0,51.0,-57.0,-38.0,14.0
DE,Germany,Hesse,,2020-04-21,-47.0,-9.0,57.0,-56.0,-39.0,14.0
DE,Germany,Hesse,,2020-04-22,-46.0,-9.0,68.0,-57.0,-39.0,14.0
DE,Germany,Hesse,,2020-04-23,-48.0,-7.0,58.0,-56.0,-39.0,14.0
DE,Germany,Hesse,,2020-04-24,-50.0,-7.0,53.0,-58.0,-38.0,15.0
DE,Germany,Hesse,,2020-04-25,-55.0,-9.0,64.0,-55.0,-18.0,9.0
DE,Germany,Hesse,,2020-04-26,-49.0,15.0,124.0,-56.0,-22.0,6.0
DE,Germany,Hesse,,2020-04-27,-44.0,-15.0,69.0,-55.0,-35.0,13.0
DE,Germany,Hesse,,2020-04-28,-50.0,-12.0,9.0,-56.0,-37.0,13.0
DE,Germany,Hesse,,2020-04-29,-46.0,0.0,33.0,-55.0,-36.0,14.0
DE,Germany,Hesse,,2020-04-30,-38.0,15.0,-22.0,-54.0,-38.0,13.0
DE,Germany,Hesse,,2020-05-01,-83.0,-92.0,5.0,-76.0,-85.0,29.0
DE,Germany,Hesse,,2020-05-02,-46.0,0.0,-14.0,-57.0,-22.0,10.0
DE,Germany,Hesse,,2020-05-03,-55.0,15.0,73.0,-54.0,-21.0,6.0
DE,Germany,Hesse,,2020-05-04,-35.0,-9.0,-7.0,-53.0,-34.0,13.0
DE,Germany,Hesse,,2020-05-05,-36.0,-8.0,37.0,-51.0,-33.0,12.0
DE,Germany,Hesse,,2020-05-06,-35.0,-7.0,53.0,-50.0,-32.0,12.0
DE,Germany,Hesse,,2020-05-07,-35.0,-6.0,51.0,-50.0,-32.0,12.0
DE,Germany,Hesse,,2020-05-08,-36.0,-4.0,64.0,-49.0,-32.0,12.0
DE,Germany,Hesse,,2020-05-09,-42.0,-3.0,25.0,-49.0,-12.0,7.0
DE,Germany,Lower Saxony,,2020-02-15,9.0,1.0,50.0,17.0,0.0,-1.0
DE,Germany,Lower Saxony,,2020-02-16,2.0,8.0,-5.0,2.0,-2.0,0.0
DE,Germany,Lower Saxony,,2020-02-17,1.0,2.0,14.0,3.0,0.0,0.0
DE,Germany,Lower Saxony,,2020-02-18,1.0,1.0,7.0,0.0,0.0,1.0
DE,Germany,Lower Saxony,,2020-02-19,2.0,-1.0,5.0,-1.0,0.0,1.0
DE,Germany,Lower Saxony,,2020-02-20,0.0,1.0,2.0,0.0,-1.0,1.0
DE,Germany,Lower Saxony,,2020-02-21,2.0,3.0,22.0,3.0,-1.0,1.0
DE,Germany,Lower Saxony,,2020-02-22,-1.0,-1.0,13.0,7.0,-1.0,1.0
DE,Germany,Lower Saxony,,2020-02-23,-5.0,-3.0,-32.0,-5.0,-3.0,1.0
DE,Germany,Lower Saxony,,2020-02-24,-4.0,-3.0,4.0,-1.0,-2.0,1.0
DE,Germany,Lower Saxony,,2020-02-25,0.0,2.0,17.0,1.0,0.0,1.0
DE,Germany,Lower Saxony,,2020-02-26,-1.0,0.0,9.0,-2.0,-1.0,1.0
DE,Germany,Lower Saxony,,2020-02-27,1.0,6.0,6.0,0.0,-1.0,1.0
DE,Germany,Lower Saxony,,2020-02-28,6.0,11.0,26.0,4.0,0.0,1.0
DE,Germany,Lower Saxony,,2020-02-29,5.0,6.0,27.0,8.0,1.0,0.0
DE,Germany,Lower Saxony,,2020-03-01,15.0,29.0,29.0,9.0,2.0,0.0
DE,Germany,Lower Saxony,,2020-03-02,6.0,10.0,22.0,4.0,1.0,0.0
DE,Germany,Lower Saxony,,2020-03-03,4.0,6.0,18.0,-1.0,0.0,1.0
DE,Germany,Lower Saxony,,2020-03-04,3.0,4.0,14.0,-2.0,0.0,1.0
DE,Germany,Lower Saxony,,2020-03-05,2.0,3.0,14.0,-2.0,0.0,1.0
DE,Germany,Lower Saxony,,2020-03-06,-2.0,0.0,-11.0,-4.0,-1.0,2.0
DE,Germany,Lower Saxony,,2020-03-07,6.0,1.0,44.0,5.0,2.0,0.0
DE,Germany,Lower Saxony,,2020-03-08,16.0,26.0,36.0,6.0,2.0,0.0
DE,Germany,Lower Saxony,,2020-03-09,1.0,3.0,17.0,-1.0,0.0,0.0
DE,Germany,Lower Saxony,,2020-03-10,-3.0,0.0,-9.0,-6.0,-1.0,2.0
DE,Germany,Lower Saxony,,2020-03-11,4.0,5.0,36.0,-2.0,-1.0,1.0
DE,Germany,Lower Saxony,,2020-03-12,-4.0,9.0,3.0,-7.0,-2.0,2.0
DE,Germany,Lower Saxony,,2020-03-13,-9.0,19.0,-2.0,-11.0,-4.0,4.0
DE,Germany,Lower Saxony,,2020-03-14,-13.0,10.0,57.0,-11.0,-2.0,3.0
DE,Germany,Lower Saxony,,2020-03-15,-13.0,18.0,82.0,-11.0,-6.0,3.0
DE,Germany,Lower Saxony,,2020-03-16,-5.0,22.0,46.0,-22.0,-20.0,6.0
DE,Germany,Lower Saxony,,2020-03-17,-24.0,13.0,36.0,-31.0,-26.0,9.0
DE,Germany,Lower Saxony,,2020-03-18,-34.0,5.0,36.0,-36.0,-30.0,11.0
DE,Germany,Lower Saxony,,2020-03-19,-45.0,-3.0,1.0,-44.0,-34.0,13.0
DE,Germany,Lower Saxony,,2020-03-20,-51.0,-4.0,-16.0,-50.0,-37.0,16.0
DE,Germany,Lower Saxony,,2020-03-21,-65.0,-21.0,-13.0,-50.0,-27.0,12.0
DE,Germany,Lower Saxony,,2020-03-22,-69.0,-35.0,23.0,-50.0,-31.0,9.0
DE,Germany,Lower Saxony,,2020-03-23,-60.0,-15.0,1.0,-52.0,-40.0,15.0
DE,Germany,Lower Saxony,,2020-03-24,-62.0,-19.0,14.0,-52.0,-43.0,17.0
DE,Germany,Lower Saxony,,2020-03-25,-62.0,-18.0,20.0,-52.0,-43.0,17.0
DE,Germany,Lower Saxony,,2020-03-26,-62.0,-16.0,14.0,-52.0,-44.0,17.0
DE,Germany,Lower Saxony,,2020-03-27,-63.0,-15.0,31.0,-52.0,-44.0,18.0
DE,Germany,Lower Saxony,,2020-03-28,-71.0,-21.0,31.0,-47.0,-32.0,12.0
DE,Germany,Lower Saxony,,2020-03-29,-76.0,-52.0,-42.0,-64.0,-36.0,10.0
DE,Germany,Lower Saxony,,2020-03-30,-61.0,-17.0,-25.0,-55.0,-45.0,16.0
DE,Germany,Lower Saxony,,2020-03-31,-56.0,-11.0,21.0,-47.0,-44.0,16.0
DE,Germany,Lower Saxony,,2020-04-01,-58.0,-14.0,10.0,-49.0,-45.0,16.0
DE,Germany,Lower Saxony,,2020-04-02,-59.0,-13.0,-5.0,-52.0,-45.0,17.0
DE,Germany,Lower Saxony,,2020-04-03,-62.0,-13.0,-1.0,-53.0,-45.0,18.0
DE,Germany,Lower Saxony,,2020-04-04,-61.0,-16.0,28.0,-45.0,-30.0,11.0
DE,Germany,Lower Saxony,,2020-04-05,-58.0,-17.0,89.0,-37.0,-29.0,7.0
DE,Germany,Lower Saxony,,2020-04-06,-39.0,-6.0,68.0,-43.0,-46.0,14.0
DE,Germany,Lower Saxony,,2020-04-07,-41.0,-3.0,56.0,-44.0,-46.0,16.0
DE,Germany,Lower Saxony,,2020-04-08,-39.0,10.0,67.0,-43.0,-47.0,14.0
DE,Germany,Lower Saxony,,2020-04-09,-37.0,14.0,43.0,-44.0,-48.0,14.0
DE,Germany,Lower Saxony,,2020-04-10,-82.0,-93.0,76.0,-66.0,-86.0,28.0
DE,Germany,Lower Saxony,,2020-04-11,-54.0,2.0,36.0,-40.0,-27.0,10.0
DE,Germany,Lower Saxony,,2020-04-12,-63.0,-27.0,78.0,-38.0,-23.0,6.0
DE,Germany,Lower Saxony,,2020-04-13,-81.0,-94.0,27.0,-70.0,-88.0,27.0
DE,Germany,Lower Saxony,,2020-04-14,-43.0,-2.0,8.0,-47.0,-44.0,16.0
DE,Germany,Lower Saxony,,2020-04-15,-43.0,-10.0,47.0,-43.0,-42.0,15.0
DE,Germany,Lower Saxony,,2020-04-16,-49.0,-5.0,55.0,-42.0,-41.0,15.0
DE,Germany,Lower Saxony,,2020-04-17,-52.0,-7.0,53.0,-43.0,-41.0,16.0
DE,Germany,Lower Saxony,,2020-04-18,-61.0,-12.0,50.0,-35.0,-20.0,9.0
DE,Germany,Lower Saxony,,2020-04-19,-55.0,-10.0,86.0,-33.0,-19.0,6.0
DE,Germany,Lower Saxony,,2020-04-20,-38.0,-8.0,45.0,-38.0,-35.0,12.0
DE,Germany,Lower Saxony,,2020-04-21,-43.0,-8.0,47.0,-39.0,-35.0,13.0
DE,Germany,Lower Saxony,,2020-04-22,-42.0,-8.0,61.0,-37.0,-36.0,13.0
DE,Germany,Lower Saxony,,2020-04-23,-43.0,-6.0,63.0,-37.0,-36.0,13.0
DE,Germany,Lower Saxony,,2020-04-24,-47.0,-7.0,45.0,-41.0,-36.0,14.0
DE,Germany,Lower Saxony,,2020-04-25,-55.0,-9.0,38.0,-34.0,-17.0,9.0
DE,Germany,Lower Saxony,,2020-04-26,-55.0,-4.0,86.0,-31.0,-17.0,6.0
DE,Germany,Lower Saxony,,2020-04-27,-40.0,-15.0,67.0,-34.0,-32.0,11.0
DE,Germany,Lower Saxony,,2020-04-28,-44.0,-11.0,22.0,-38.0,-33.0,12.0
DE,Germany,Lower Saxony,,2020-04-29,-42.0,2.0,20.0,-37.0,-33.0,13.0
DE,Germany,Lower Saxony,,2020-04-30,-30.0,20.0,0.0,-33.0,-35.0,11.0
DE,Germany,Lower Saxony,,2020-05-01,-82.0,-92.0,21.0,-64.0,-84.0,27.0
DE,Germany,Lower Saxony,,2020-05-02,-44.0,3.0,-13.0,-36.0,-19.0,9.0
DE,Germany,Lower Saxony,,2020-05-03,-58.0,-4.0,45.0,-30.0,-18.0,6.0
DE,Germany,Lower Saxony,,2020-05-04,-29.0,-5.0,11.0,-32.0,-31.0,11.0
DE,Germany,Lower Saxony,,2020-05-05,-33.0,-7.0,24.0,-32.0,-30.0,11.0
DE,Germany,Lower Saxony,,2020-05-06,-32.0,-5.0,50.0,-30.0,-30.0,10.0
DE,Germany,Lower Saxony,,2020-05-07,-31.0,-4.0,48.0,-31.0,-30.0,11.0
DE,Germany,Lower Saxony,,2020-05-08,-33.0,-3.0,66.0,-30.0,-30.0,11.0
DE,Germany,Lower Saxony,,2020-05-09,-39.0,0.0,91.0,-16.0,-7.0,5.0
DE,Germany,Mecklenburg-Vorpommern,,2020-02-15,6.0,-1.0,51.0,15.0,-2.0,-2.0
DE,Germany,Mecklenburg-Vorpommern,,2020-02-16,-7.0,-8.0,-26.0,-7.0,-1.0,0.0
DE,Germany,Mecklenburg-Vorpommern,,2020-02-17,8.0,-1.0,45.0,-8.0,-17.0,2.0
DE,Germany,Mecklenburg-Vorpommern,,2020-02-18,5.0,-3.0,23.0,-15.0,-18.0,3.0
DE,Germany,Mecklenburg-Vorpommern,,2020-02-19,5.0,-4.0,18.0,-6.0,-17.0,3.0
DE,Germany,Mecklenburg-Vorpommern,,2020-02-20,4.0,-3.0,16.0,-6.0,-17.0,2.0
DE,Germany,Mecklenburg-Vorpommern,,2020-02-21,0.0,-3.0,26.0,-6.0,-17.0,2.0
DE,Germany,Mecklenburg-Vorpommern,,2020-02-22,-2.0,-5.0,-6.0,2.0,-4.0,0.0
DE,Germany,Mecklenburg-Vorpommern,,2020-02-23,-10.0,-13.0,-35.0,-7.0,-1.0,1.0
DE,Germany,Mecklenburg-Vorpommern,,2020-02-24,3.0,0.0,26.0,-1.0,0.0,1.0
DE,Germany,Mecklenburg-Vorpommern,,2020-02-25,3.0,1.0,24.0,-11.0,-1.0,1.0
DE,Germany,Mecklenburg-Vorpommern,,2020-02-26,1.0,1.0,14.0,-13.0,-1.0,1.0
DE,Germany,Mecklenburg-Vorpommern,,2020-02-27,6.0,5.0,25.0,5.0,1.0,0.0
DE,Germany,Mecklenburg-Vorpommern,,2020-02-28,4.0,8.0,31.0,4.0,1.0,0.0
DE,Germany,Mecklenburg-Vorpommern,,2020-02-29,2.0,3.0,16.0,7.0,2.0,0.0
DE,Germany,Mecklenburg-Vorpommern,,2020-03-01,14.0,15.0,26.0,8.0,6.0,-1.0
DE,Germany,Mecklenburg-Vorpommern,,2020-03-02,7.0,5.0,42.0,5.0,1.0,1.0
DE,Germany,Mecklenburg-Vorpommern,,2020-03-03,6.0,4.0,27.0,5.0,1.0,1.0
DE,Germany,Mecklenburg-Vorpommern,,2020-03-04,5.0,4.0,33.0,3.0,1.0,1.0
DE,Germany,Mecklenburg-Vorpommern,,2020-03-05,7.0,4.0,52.0,8.0,2.0,0.0
DE,Germany,Mecklenburg-Vorpommern,,2020-03-06,-1.0,0.0,12.0,-2.0,0.0,1.0
DE,Germany,Mecklenburg-Vorpommern,,2020-03-07,7.0,3.0,48.0,15.0,3.0,0.0
DE,Germany,Mecklenburg-Vorpommern,,2020-03-08,27.0,25.0,45.0,14.0,8.0,-1.0
DE,Germany,Mecklenburg-Vorpommern,,2020-03-09,7.0,1.0,36.0,4.0,0.0,1.0
DE,Germany,Mecklenburg-Vorpommern,,2020-03-10,2.0,0.0,19.0,0.0,0.0,2.0
DE,Germany,Mecklenburg-Vorpommern,,2020-03-11,8.0,4.0,62.0,6.0,0.0,1.0
DE,Germany,Mecklenburg-Vorpommern,,2020-03-12,0.0,3.0,21.0,-2.0,0.0,1.0
DE,Germany,Mecklenburg-Vorpommern,,2020-03-13,-2.0,14.0,13.0,-6.0,-1.0,2.0
DE,Germany,Mecklenburg-Vorpommern,,2020-03-14,-3.0,15.0,91.0,9.0,3.0,1.0
DE,Germany,Mecklenburg-Vorpommern,,2020-03-15,-5.0,18.0,52.0,-9.0,4.0,2.0
DE,Germany,Mecklenburg-Vorpommern,,2020-03-16,1.0,19.0,60.0,-16.0,-14.0,5.0
DE,Germany,Mecklenburg-Vorpommern,,2020-03-17,-7.0,9.0,54.0,-21.0,-19.0,7.0
DE,Germany,Mecklenburg-Vorpommern,,2020-03-18,-26.0,2.0,19.0,-30.0,-23.0,9.0
DE,Germany,Mecklenburg-Vorpommern,,2020-03-19,-32.0,-5.0,19.0,-35.0,-25.0,10.0
DE,Germany,Mecklenburg-Vorpommern,,2020-03-20,-41.0,-10.0,-13.0,-45.0,-28.0,12.0
DE,Germany,Mecklenburg-Vorpommern,,2020-03-21,-54.0,-17.0,-16.0,-45.0,-21.0,9.0
DE,Germany,Mecklenburg-Vorpommern,,2020-03-22,-67.0,-31.0,-19.0,-53.0,-24.0,7.0
DE,Germany,Mecklenburg-Vorpommern,,2020-03-23,-35.0,-13.0,4.0,-47.0,-34.0,13.0
DE,Germany,Mecklenburg-Vorpommern,,2020-03-24,-53.0,-17.0,17.0,-46.0,-36.0,14.0
DE,Germany,Mecklenburg-Vorpommern,,2020-03-25,-53.0,-16.0,12.0,-46.0,-36.0,14.0
DE,Germany,Mecklenburg-Vorpommern,,2020-03-26,-51.0,-15.0,21.0,-45.0,-36.0,13.0
DE,Germany,Mecklenburg-Vorpommern,,2020-03-27,-54.0,-15.0,13.0,-48.0,-37.0,14.0
DE,Germany,Mecklenburg-Vorpommern,,2020-03-28,-64.0,-17.0,17.0,-43.0,-26.0,8.0
DE,Germany,Mecklenburg-Vorpommern,,2020-03-29,-74.0,-48.0,-50.0,-64.0,-32.0,8.0
DE,Germany,Mecklenburg-Vorpommern,,2020-03-30,-52.0,-17.0,-22.0,-48.0,-37.0,15.0
DE,Germany,Mecklenburg-Vorpommern,,2020-03-31,-46.0,-9.0,13.0,-43.0,-36.0,13.0
DE,Germany,Mecklenburg-Vorpommern,,2020-04-01,-50.0,-13.0,-18.0,-48.0,-36.0,14.0
DE,Germany,Mecklenburg-Vorpommern,,2020-04-02,-48.0,-10.0,-7.0,-47.0,-36.0,13.0
DE,Germany,Mecklenburg-Vorpommern,,2020-04-03,-53.0,-12.0,-18.0,-51.0,-37.0,15.0
DE,Germany,Mecklenburg-Vorpommern,,2020-04-04,-63.0,-14.0,-4.0,-45.0,-25.0,8.0
DE,Germany,Mecklenburg-Vorpommern,,2020-04-05,-54.0,-13.0,23.0,-44.0,-18.0,5.0
DE,Germany,Mecklenburg-Vorpommern,,2020-04-06,-38.0,-2.0,46.0,-40.0,-37.0,11.0
DE,Germany,Mecklenburg-Vorpommern,,2020-04-07,-38.0,2.0,45.0,-39.0,-37.0,11.0
DE,Germany,Mecklenburg-Vorpommern,,2020-04-08,-37.0,9.0,42.0,-38.0,-38.0,10.0
DE,Germany,Mecklenburg-Vorpommern,,2020-04-09,-36.0,8.0,28.0,-38.0,-40.0,10.0
DE,Germany,Mecklenburg-Vorpommern,,2020-04-10,-82.0,-92.0,39.0,-66.0,-81.0,26.0
DE,Germany,Mecklenburg-Vorpommern,,2020-04-11,-55.0,3.0,13.0,-38.0,-20.0,6.0
DE,Germany,Mecklenburg-Vorpommern,,2020-04-12,-52.0,-14.0,52.0,-40.0,-8.0,2.0
DE,Germany,Mecklenburg-Vorpommern,,2020-04-13,-82.0,-93.0,22.0,-67.0,-84.0,27.0
DE,Germany,Mecklenburg-Vorpommern,,2020-04-14,-40.0,0.0,5.0,-41.0,-38.0,12.0
DE,Germany,Mecklenburg-Vorpommern,,2020-04-15,-44.0,-11.0,13.0,-42.0,-37.0,13.0
DE,Germany,Mecklenburg-Vorpommern,,2020-04-16,-56.0,-2.0,30.0,-37.0,-34.0,11.0
DE,Germany,Mecklenburg-Vorpommern,,2020-04-17,-58.0,-6.0,30.0,-40.0,-33.0,12.0
DE,Germany,Mecklenburg-Vorpommern,,2020-04-18,-60.0,-11.0,22.0,-29.0,-12.0,5.0
DE,Germany,Mecklenburg-Vorpommern,,2020-04-19,-55.0,-7.0,22.0,-38.0,-8.0,4.0
DE,Germany,Mecklenburg-Vorpommern,,2020-04-20,-38.0,-8.0,26.0,-32.0,-28.0,10.0
DE,Germany,Mecklenburg-Vorpommern,,2020-04-21,-41.0,-5.0,33.0,-33.0,-28.0,9.0
DE,Germany,Mecklenburg-Vorpommern,,2020-04-22,-42.0,-5.0,29.0,-32.0,-27.0,9.0
DE,Germany,Mecklenburg-Vorpommern,,2020-04-23,-41.0,-4.0,62.0,-30.0,-26.0,8.0
DE,Germany,Mecklenburg-Vorpommern,,2020-04-24,-46.0,-7.0,24.0,-36.0,-28.0,9.0
DE,Germany,Mecklenburg-Vorpommern,,2020-04-25,-54.0,-5.0,15.0,-26.0,-10.0,5.0
DE,Germany,Mecklenburg-Vorpommern,,2020-04-26,-52.0,1.0,18.0,-37.0,-6.0,3.0
DE,Germany,Mecklenburg-Vorpommern,,2020-04-27,-41.0,-17.0,46.0,-29.0,-24.0,8.0
DE,Germany,Mecklenburg-Vorpommern,,2020-04-28,-42.0,-10.0,31.0,-29.0,-24.0,8.0
DE,Germany,Mecklenburg-Vorpommern,,2020-04-29,-43.0,1.0,-14.0,-33.0,-26.0,10.0
DE,Germany,Mecklenburg-Vorpommern,,2020-04-30,-24.0,19.0,-15.0,-26.0,-26.0,7.0
DE,Germany,Mecklenburg-Vorpommern,,2020-05-01,-80.0,-90.0,36.0,-56.0,-79.0,23.0
DE,Germany,Mecklenburg-Vorpommern,,2020-05-02,-34.0,9.0,-5.0,-28.0,-11.0,5.0
DE,Germany,Mecklenburg-Vorpommern,,2020-05-03,-51.0,10.0,10.0,-26.0,-4.0,3.0
DE,Germany,Mecklenburg-Vorpommern,,2020-05-04,-24.0,-6.0,3.0,-27.0,-21.0,7.0
DE,Germany,Mecklenburg-Vorpommern,,2020-05-05,-29.0,-6.0,-7.0,-28.0,-21.0,8.0
DE,Germany,Mecklenburg-Vorpommern,,2020-05-06,-28.0,-4.0,17.0,-23.0,-18.0,7.0
DE,Germany,Mecklenburg-Vorpommern,,2020-05-07,-27.0,-2.0,22.0,-24.0,-19.0,6.0
DE,Germany,Mecklenburg-Vorpommern,,2020-05-08,-29.0,-5.0,43.0,-24.0,-17.0,6.0
DE,Germany,Mecklenburg-Vorpommern,,2020-05-09,-30.0,-2.0,56.0,-13.0,5.0,0.0
DE,Germany,North Rhine-Westphalia,,2020-02-15,5.0,2.0,61.0,11.0,1.0,-1.0
DE,Germany,North Rhine-Westphalia,,2020-02-16,0.0,2.0,-9.0,3.0,-2.0,1.0
DE,Germany,North Rhine-Westphalia,,2020-02-17,1.0,2.0,2.0,2.0,2.0,-1.0
DE,Germany,North Rhine-Westphalia,,2020-02-18,4.0,4.0,9.0,3.0,1.0,1.0
DE,Germany,North Rhine-Westphalia,,2020-02-19,7.0,7.0,12.0,2.0,1.0,0.0
DE,Germany,North Rhine-Westphalia,,2020-02-20,5.0,-4.0,23.0,11.0,-7.0,1.0
DE,Germany,North Rhine-Westphalia,,2020-02-21,0.0,3.0,19.0,-4.0,-15.0,3.0
DE,Germany,North Rhine-Westphalia,,2020-02-22,-5.0,-3.0,10.0,12.0,-5.0,1.0
DE,Germany,North Rhine-Westphalia,,2020-02-23,-7.0,-6.0,-43.0,5.0,-5.0,1.0
DE,Germany,North Rhine-Westphalia,,2020-02-24,-4.0,-16.0,19.0,-12.0,-41.0,8.0
DE,Germany,North Rhine-Westphalia,,2020-02-25,0.0,1.0,17.0,-8.0,-17.0,4.0
DE,Germany,North Rhine-Westphalia,,2020-02-26,-8.0,2.0,-9.0,-8.0,-4.0,3.0
DE,Germany,North Rhine-Westphalia,,2020-02-27,-9.0,4.0,-19.0,-5.0,-1.0,2.0
DE,Germany,North Rhine-Westphalia,,2020-02-28,1.0,14.0,7.0,-2.0,-1.0,2.0
DE,Germany,North Rhine-Westphalia,,2020-02-29,-4.0,6.0,5.0,-1.0,0.0,2.0
DE,Germany,North Rhine-Westphalia,,2020-03-01,3.0,13.0,20.0,-2.0,0.0,1.0
DE,Germany,North Rhine-Westphalia,,2020-03-02,-2.0,6.0,-5.0,-3.0,1.0,0.0
DE,Germany,North Rhine-Westphalia,,2020-03-03,2.0,5.0,24.0,-3.0,-1.0,1.0
DE,Germany,North Rhine-Westphalia,,2020-03-04,2.0,2.0,19.0,-5.0,-1.0,1.0
DE,Germany,North Rhine-Westphalia,,2020-03-05,-6.0,-2.0,-15.0,-7.0,-1.0,2.0
DE,Germany,North Rhine-Westphalia,,2020-03-06,-3.0,1.0,-9.0,-7.0,-2.0,2.0
DE,Germany,North Rhine-Westphalia,,2020-03-07,1.0,-1.0,46.0,0.0,0.0,1.0
DE,Germany,North Rhine-Westphalia,,2020-03-08,2.0,13.0,14.0,-6.0,-1.0,1.0
DE,Germany,North Rhine-Westphalia,,2020-03-09,-3.0,1.0,4.0,-7.0,0.0,1.0
DE,Germany,North Rhine-Westphalia,,2020-03-10,-9.0,-2.0,-15.0,-10.0,-2.0,3.0
DE,Germany,North Rhine-Westphalia,,2020-03-11,-5.0,1.0,2.0,-10.0,-3.0,2.0
DE,Germany,North Rhine-Westphalia,,2020-03-12,-6.0,5.0,11.0,-9.0,-3.0,2.0
DE,Germany,North Rhine-Westphalia,,2020-03-13,-11.0,18.0,-4.0,-15.0,-4.0,4.0
DE,Germany,North Rhine-Westphalia,,2020-03-14,-18.0,9.0,44.0,-19.0,-4.0,4.0
DE,Germany,North Rhine-Westphalia,,2020-03-15,-16.0,7.0,90.0,-18.0,-7.0,3.0
DE,Germany,North Rhine-Westphalia,,2020-03-16,-10.0,20.0,46.0,-28.0,-19.0,6.0
DE,Germany,North Rhine-Westphalia,,2020-03-17,-21.0,12.0,67.0,-35.0,-27.0,10.0
DE,Germany,North Rhine-Westphalia,,2020-03-18,-36.0,9.0,67.0,-41.0,-32.0,12.0
DE,Germany,North Rhine-Westphalia,,2020-03-19,-49.0,-2.0,12.0,-48.0,-36.0,14.0
DE,Germany,North Rhine-Westphalia,,2020-03-20,-56.0,-1.0,-21.0,-55.0,-38.0,17.0
DE,Germany,North Rhine-Westphalia,,2020-03-21,-66.0,-19.0,8.0,-56.0,-30.0,13.0
DE,Germany,North Rhine-Westphalia,,2020-03-22,-69.0,-33.0,32.0,-57.0,-33.0,9.0
DE,Germany,North Rhine-Westphalia,,2020-03-23,-56.0,-14.0,12.0,-57.0,-41.0,15.0
DE,Germany,North Rhine-Westphalia,,2020-03-24,-57.0,-15.0,40.0,-57.0,-44.0,18.0
DE,Germany,North Rhine-Westphalia,,2020-03-25,-56.0,-15.0,44.0,-57.0,-44.0,17.0
DE,Germany,North Rhine-Westphalia,,2020-03-26,-57.0,-13.0,27.0,-57.0,-44.0,17.0
DE,Germany,North Rhine-Westphalia,,2020-03-27,-57.0,-12.0,51.0,-57.0,-44.0,18.0
DE,Germany,North Rhine-Westphalia,,2020-03-28,-64.0,-19.0,66.0,-54.0,-33.0,12.0
DE,Germany,North Rhine-Westphalia,,2020-03-29,-77.0,-51.0,-50.0,-70.0,-38.0,11.0
DE,Germany,North Rhine-Westphalia,,2020-03-30,-52.0,-14.0,0.0,-56.0,-42.0,16.0
DE,Germany,North Rhine-Westphalia,,2020-03-31,-49.0,-8.0,47.0,-52.0,-43.0,17.0
DE,Germany,North Rhine-Westphalia,,2020-04-01,-48.0,-9.0,60.0,-52.0,-43.0,16.0
DE,Germany,North Rhine-Westphalia,,2020-04-02,-52.0,-10.0,8.0,-55.0,-44.0,17.0
DE,Germany,North Rhine-Westphalia,,2020-04-03,-55.0,-9.0,-1.0,-58.0,-43.0,19.0
DE,Germany,North Rhine-Westphalia,,2020-04-04,-60.0,-14.0,64.0,-50.0,-31.0,12.0
DE,Germany,North Rhine-Westphalia,,2020-04-05,-53.0,-6.0,107.0,-44.0,-29.0,7.0
DE,Germany,North Rhine-Westphalia,,2020-04-06,-40.0,-6.0,76.0,-50.0,-44.0,14.0
DE,Germany,North Rhine-Westphalia,,2020-04-07,-42.0,0.0,81.0,-51.0,-46.0,16.0
DE,Germany,North Rhine-Westphalia,,2020-04-08,-39.0,11.0,102.0,-50.0,-46.0,14.0
DE,Germany,North Rhine-Westphalia,,2020-04-09,-37.0,13.0,68.0,-49.0,-47.0,14.0
DE,Germany,North Rhine-Westphalia,,2020-04-10,-78.0,-91.0,134.0,-68.0,-86.0,28.0
DE,Germany,North Rhine-Westphalia,,2020-04-11,-53.0,1.0,77.0,-46.0,-30.0,10.0
DE,Germany,North Rhine-Westphalia,,2020-04-12,-60.0,-20.0,89.0,-46.0,-25.0,6.0
DE,Germany,North Rhine-Westphalia,,2020-04-13,-80.0,-93.0,60.0,-73.0,-87.0,27.0
DE,Germany,North Rhine-Westphalia,,2020-04-14,-42.0,2.0,29.0,-53.0,-47.0,16.0
DE,Germany,North Rhine-Westphalia,,2020-04-15,-41.0,-7.0,92.0,-50.0,-46.0,16.0
DE,Germany,North Rhine-Westphalia,,2020-04-16,-49.0,-3.0,90.0,-48.0,-45.0,15.0
DE,Germany,North Rhine-Westphalia,,2020-04-17,-51.0,-3.0,90.0,-50.0,-44.0,16.0
DE,Germany,North Rhine-Westphalia,,2020-04-18,-63.0,-14.0,40.0,-48.0,-24.0,11.0
DE,Germany,North Rhine-Westphalia,,2020-04-19,-55.0,-2.0,87.0,-44.0,-22.0,7.0
DE,Germany,North Rhine-Westphalia,,2020-04-20,-39.0,-9.0,57.0,-44.0,-35.0,12.0
DE,Germany,North Rhine-Westphalia,,2020-04-21,-43.0,-6.0,79.0,-44.0,-36.0,14.0
DE,Germany,North Rhine-Westphalia,,2020-04-22,-42.0,-6.0,92.0,-43.0,-36.0,13.0
DE,Germany,North Rhine-Westphalia,,2020-04-23,-44.0,-5.0,77.0,-42.0,-34.0,13.0
DE,Germany,North Rhine-Westphalia,,2020-04-24,-47.0,-4.0,69.0,-45.0,-35.0,14.0
DE,Germany,North Rhine-Westphalia,,2020-04-25,-55.0,-8.0,71.0,-39.0,-18.0,9.0
DE,Germany,North Rhine-Westphalia,,2020-04-26,-50.0,8.0,121.0,-37.0,-17.0,5.0
DE,Germany,North Rhine-Westphalia,,2020-04-27,-39.0,-14.0,77.0,-41.0,-32.0,11.0
DE,Germany,North Rhine-Westphalia,,2020-04-28,-46.0,-11.0,10.0,-46.0,-34.0,13.0
DE,Germany,North Rhine-Westphalia,,2020-04-29,-42.0,3.0,26.0,-43.0,-34.0,13.0
DE,Germany,North Rhine-Westphalia,,2020-04-30,-31.0,19.0,-1.0,-39.0,-35.0,11.0
DE,Germany,North Rhine-Westphalia,,2020-05-01,-81.0,-90.0,39.0,-68.0,-84.0,28.0
DE,Germany,North Rhine-Westphalia,,2020-05-02,-44.0,4.0,-13.0,-42.0,-21.0,10.0
DE,Germany,North Rhine-Westphalia,,2020-05-03,-55.0,7.0,71.0,-36.0,-17.0,6.0
DE,Germany,North Rhine-Westphalia,,2020-05-04,-28.0,-4.0,14.0,-39.0,-30.0,11.0
DE,Germany,North Rhine-Westphalia,,2020-05-05,-31.0,-3.0,60.0,-37.0,-31.0,12.0
DE,Germany,North Rhine-Westphalia,,2020-05-06,-30.0,-3.0,79.0,-36.0,-30.0,11.0
DE,Germany,North Rhine-Westphalia,,2020-05-07,-31.0,-4.0,69.0,-36.0,-30.0,11.0
DE,Germany,North Rhine-Westphalia,,2020-05-08,-33.0,0.0,76.0,-37.0,-30.0,11.0
DE,Germany,North Rhine-Westphalia,,2020-05-09,-40.0,-1.0,98.0,-27.0,-9.0,6.0
DE,Germany,Rhineland-Palatinate,,2020-02-15,2.0,0.0,36.0,6.0,-2.0,-1.0
DE,Germany,Rhineland-Palatinate,,2020-02-16,16.0,19.0,32.0,11.0,0.0,-1.0
DE,Germany,Rhineland-Palatinate,,2020-02-17,0.0,-1.0,1.0,-10.0,-15.0,2.0
DE,Germany,Rhineland-Palatinate,,2020-02-18,2.0,-1.0,8.0,-10.0,-14.0,3.0
DE,Germany,Rhineland-Palatinate,,2020-02-19,4.0,0.0,7.0,-7.0,-15.0,2.0
DE,Germany,Rhineland-Palatinate,,2020-02-20,1.0,-7.0,21.0,-4.0,-19.0,2.0
DE,Germany,Rhineland-Palatinate,,2020-02-21,-2.0,0.0,23.0,-5.0,-22.0,4.0
DE,Germany,Rhineland-Palatinate,,2020-02-22,-3.0,-2.0,37.0,20.0,-6.0,0.0
DE,Germany,Rhineland-Palatinate,,2020-02-23,9.0,30.0,-1.0,21.0,-2.0,0.0
DE,Germany,Rhineland-Palatinate,,2020-02-24,6.0,-9.0,54.0,2.0,-39.0,7.0
DE,Germany,Rhineland-Palatinate,,2020-02-25,-1.0,-2.0,12.0,-11.0,-28.0,6.0
DE,Germany,Rhineland-Palatinate,,2020-02-26,-4.0,1.0,0.0,-7.0,-6.0,3.0
DE,Germany,Rhineland-Palatinate,,2020-02-27,-14.0,-2.0,-7.0,-5.0,-2.0,3.0
DE,Germany,Rhineland-Palatinate,,2020-02-28,1.0,14.0,12.0,0.0,-2.0,2.0
DE,Germany,Rhineland-Palatinate,,2020-02-29,-2.0,7.0,-3.0,6.0,-2.0,2.0
DE,Germany,Rhineland-Palatinate,,2020-03-01,10.0,16.0,16.0,5.0,1.0,1.0
DE,Germany,Rhineland-Palatinate,,2020-03-02,-1.0,9.0,-2.0,-3.0,1.0,0.0
DE,Germany,Rhineland-Palatinate,,2020-03-03,1.0,6.0,11.0,-5.0,0.0,1.0
DE,Germany,Rhineland-Palatinate,,2020-03-04,2.0,3.0,11.0,-5.0,-1.0,1.0
DE,Germany,Rhineland-Palatinate,,2020-03-05,-7.0,-2.0,-16.0,-8.0,-1.0,2.0
DE,Germany,Rhineland-Palatinate,,2020-03-06,-2.0,2.0,0.0,-6.0,-1.0,2.0
DE,Germany,Rhineland-Palatinate,,2020-03-07,3.0,1.0,30.0,0.0,-1.0,1.0
DE,Germany,Rhineland-Palatinate,,2020-03-08,21.0,38.0,30.0,4.0,0.0,0.0
DE,Germany,Rhineland-Palatinate,,2020-03-09,0.0,3.0,12.0,-5.0,0.0,1.0
DE,Germany,Rhineland-Palatinate,,2020-03-10,-6.0,0.0,-9.0,-11.0,-2.0,3.0
DE,Germany,Rhineland-Palatinate,,2020-03-11,-1.0,2.0,7.0,-8.0,-2.0,2.0
DE,Germany,Rhineland-Palatinate,,2020-03-12,-6.0,7.0,2.0,-11.0,-2.0,2.0
DE,Germany,Rhineland-Palatinate,,2020-03-13,-8.0,21.0,9.0,-15.0,-4.0,4.0
DE,Germany,Rhineland-Palatinate,,2020-03-14,-17.0,10.0,21.0,-23.0,-4.0,4.0
DE,Germany,Rhineland-Palatinate,,2020-03-15,3.0,27.0,107.0,-12.0,-5.0,2.0
DE,Germany,Rhineland-Palatinate,,2020-03-16,-7.0,20.0,39.0,-30.0,-18.0,6.0
DE,Germany,Rhineland-Palatinate,,2020-03-17,-17.0,12.0,33.0,-39.0,-24.0,10.0
DE,Germany,Rhineland-Palatinate,,2020-03-18,-33.0,5.0,29.0,-44.0,-29.0,12.0
DE,Germany,Rhineland-Palatinate,,2020-03-19,-42.0,-2.0,22.0,-49.0,-33.0,13.0
DE,Germany,Rhineland-Palatinate,,2020-03-20,-47.0,0.0,6.0,-54.0,-35.0,15.0
DE,Germany,Rhineland-Palatinate,,2020-03-21,-69.0,-25.0,-48.0,-65.0,-32.0,14.0
DE,Germany,Rhineland-Palatinate,,2020-03-22,-70.0,-28.0,8.0,-64.0,-35.0,9.0
DE,Germany,Rhineland-Palatinate,,2020-03-23,-54.0,-17.0,-5.0,-61.0,-40.0,16.0
DE,Germany,Rhineland-Palatinate,,2020-03-24,-56.0,-19.0,8.0,-62.0,-43.0,18.0
DE,Germany,Rhineland-Palatinate,,2020-03-25,-55.0,-20.0,8.0,-61.0,-43.0,18.0
DE,Germany,Rhineland-Palatinate,,2020-03-26,-56.0,-17.0,2.0,-62.0,-44.0,18.0
DE,Germany,Rhineland-Palatinate,,2020-03-27,-55.0,-15.0,23.0,-62.0,-43.0,19.0
DE,Germany,Rhineland-Palatinate,,2020-03-28,-62.0,-22.0,40.0,-58.0,-34.0,12.0
DE,Germany,Rhineland-Palatinate,,2020-03-29,-74.0,-40.0,-38.0,-71.0,-39.0,10.0
DE,Germany,Rhineland-Palatinate,,2020-03-30,-48.0,-15.0,7.0,-60.0,-42.0,16.0
DE,Germany,Rhineland-Palatinate,,2020-03-31,-48.0,-12.0,15.0,-58.0,-43.0,17.0
DE,Germany,Rhineland-Palatinate,,2020-04-01,-47.0,-14.0,27.0,-57.0,-42.0,16.0
DE,Germany,Rhineland-Palatinate,,2020-04-02,-48.0,-11.0,20.0,-59.0,-43.0,17.0
DE,Germany,Rhineland-Palatinate,,2020-04-03,-52.0,-11.0,-9.0,-62.0,-43.0,19.0
DE,Germany,Rhineland-Palatinate,,2020-04-04,-59.0,-17.0,24.0,-58.0,-32.0,12.0
DE,Germany,Rhineland-Palatinate,,2020-04-05,-56.0,-3.0,71.0,-53.0,-32.0,7.0
DE,Germany,Rhineland-Palatinate,,2020-04-06,-38.0,-7.0,39.0,-56.0,-42.0,15.0
DE,Germany,Rhineland-Palatinate,,2020-04-07,-40.0,-3.0,49.0,-56.0,-43.0,15.0
DE,Germany,Rhineland-Palatinate,,2020-04-08,-37.0,10.0,44.0,-55.0,-43.0,15.0
DE,Germany,Rhineland-Palatinate,,2020-04-09,-36.0,14.0,34.0,-56.0,-46.0,14.0
DE,Germany,Rhineland-Palatinate,,2020-04-10,-79.0,-92.0,93.0,-72.0,-85.0,29.0
DE,Germany,Rhineland-Palatinate,,2020-04-11,-51.0,1.0,35.0,-56.0,-32.0,10.0
DE,Germany,Rhineland-Palatinate,,2020-04-12,-63.0,-19.0,48.0,-59.0,-29.0,7.0
DE,Germany,Rhineland-Palatinate,,2020-04-13,-81.0,-94.0,19.0,-78.0,-87.0,29.0
DE,Germany,Rhineland-Palatinate,,2020-04-14,-38.0,2.0,20.0,-57.0,-46.0,16.0
DE,Germany,Rhineland-Palatinate,,2020-04-15,-39.0,-9.0,47.0,-55.0,-45.0,16.0
DE,Germany,Rhineland-Palatinate,,2020-04-16,-47.0,-4.0,57.0,-54.0,-44.0,16.0
DE,Germany,Rhineland-Palatinate,,2020-04-17,-50.0,-5.0,55.0,-56.0,-43.0,17.0
DE,Germany,Rhineland-Palatinate,,2020-04-18,-61.0,-13.0,21.0,-55.0,-25.0,11.0
DE,Germany,Rhineland-Palatinate,,2020-04-19,-57.0,3.0,62.0,-52.0,-26.0,7.0
DE,Germany,Rhineland-Palatinate,,2020-04-20,-38.0,-8.0,34.0,-52.0,-35.0,13.0
DE,Germany,Rhineland-Palatinate,,2020-04-21,-41.0,-7.0,46.0,-51.0,-35.0,14.0
DE,Germany,Rhineland-Palatinate,,2020-04-22,-40.0,-7.0,54.0,-50.0,-35.0,13.0
DE,Germany,Rhineland-Palatinate,,2020-04-23,-42.0,-4.0,51.0,-50.0,-35.0,13.0
DE,Germany,Rhineland-Palatinate,,2020-04-24,-45.0,-4.0,44.0,-53.0,-35.0,15.0
DE,Germany,Rhineland-Palatinate,,2020-04-25,-51.0,-7.0,51.0,-47.0,-19.0,9.0
DE,Germany,Rhineland-Palatinate,,2020-04-26,-44.0,21.0,106.0,-43.0,-21.0,5.0
DE,Germany,Rhineland-Palatinate,,2020-04-27,-38.0,-13.0,52.0,-49.0,-32.0,12.0
DE,Germany,Rhineland-Palatinate,,2020-04-28,-44.0,-10.0,4.0,-53.0,-34.0,13.0
DE,Germany,Rhineland-Palatinate,,2020-04-29,-40.0,3.0,19.0,-49.0,-34.0,13.0
DE,Germany,Rhineland-Palatinate,,2020-04-30,-30.0,20.0,-21.0,-48.0,-35.0,12.0
DE,Germany,Rhineland-Palatinate,,2020-05-01,-81.0,-92.0,-5.0,-74.0,-84.0,29.0
DE,Germany,Rhineland-Palatinate,,2020-05-02,-40.0,5.0,-12.0,-49.0,-21.0,9.0
DE,Germany,Rhineland-Palatinate,,2020-05-03,-47.0,19.0,64.0,-40.0,-19.0,6.0
DE,Germany,Rhineland-Palatinate,,2020-05-04,-26.0,-5.0,-6.0,-45.0,-28.0,11.0
DE,Germany,Rhineland-Palatinate,,2020-05-05,-28.0,-6.0,28.0,-43.0,-28.0,11.0
DE,Germany,Rhineland-Palatinate,,2020-05-06,-27.0,-4.0,38.0,-40.0,-27.0,11.0
DE,Germany,Rhineland-Palatinate,,2020-05-07,-27.0,-4.0,41.0,-41.0,-27.0,10.0
DE,Germany,Rhineland-Palatinate,,2020-05-08,-29.0,0.0,44.0,-42.0,-27.0,11.0
DE,Germany,Rhineland-Palatinate,,2020-05-09,-36.0,1.0,13.0,-41.0,-13.0,7.0
DE,Germany,Saarland,,2020-02-15,4.0,-3.0,36.0,4.0,-4.0,-1.0
DE,Germany,Saarland,,2020-02-16,10.0,-7.0,20.0,2.0,0.0,-1.0
DE,Germany,Saarland,,2020-02-17,0.0,-2.0,-6.0,-14.0,-14.0,3.0
DE,Germany,Saarland,,2020-02-18,2.0,-2.0,2.0,-15.0,-15.0,3.0
DE,Germany,Saarland,,2020-02-19,3.0,-1.0,-19.0,-11.0,-15.0,3.0
DE,Germany,Saarland,,2020-02-20,8.0,-4.0,-3.0,-11.0,-18.0,2.0
DE,Germany,Saarland,,2020-02-21,0.0,-2.0,14.0,-12.0,-23.0,3.0
DE,Germany,Saarland,,2020-02-22,-2.0,-5.0,30.0,2.0,-10.0,0.0
DE,Germany,Saarland,,2020-02-23,1.0,8.0,-24.0,20.0,-4.0,0.0
DE,Germany,Saarland,,2020-02-24,-1.0,-10.0,2.0,-28.0,-46.0,10.0
DE,Germany,Saarland,,2020-02-25,-4.0,-3.0,-3.0,-19.0,-28.0,7.0
DE,Germany,Saarland,,2020-02-26,-6.0,-1.0,-25.0,-9.0,-5.0,3.0
DE,Germany,Saarland,,2020-02-27,-16.0,-6.0,-14.0,-6.0,-4.0,4.0
DE,Germany,Saarland,,2020-02-28,4.0,13.0,13.0,-3.0,-2.0,1.0
DE,Germany,Saarland,,2020-02-29,-2.0,4.0,-8.0,-2.0,-3.0,2.0
DE,Germany,Saarland,,2020-03-01,-6.0,21.0,-2.0,2.0,2.0,1.0
DE,Germany,Saarland,,2020-03-02,0.0,7.0,-8.0,-5.0,0.0,1.0
DE,Germany,Saarland,,2020-03-03,2.0,4.0,2.0,-11.0,-2.0,1.0
DE,Germany,Saarland,,2020-03-04,-1.0,2.0,-20.0,-9.0,-2.0,2.0
DE,Germany,Saarland,,2020-03-05,-6.0,-3.0,-22.0,-12.0,-3.0,3.0
DE,Germany,Saarland,,2020-03-06,-3.0,0.0,-9.0,-9.0,-3.0,2.0
DE,Germany,Saarland,,2020-03-07,4.0,-2.0,27.0,-3.0,-4.0,1.0
DE,Germany,Saarland,,2020-03-08,-2.0,21.0,9.0,-4.0,0.0,1.0
DE,Germany,Saarland,,2020-03-09,1.0,1.0,9.0,-11.0,-1.0,2.0
DE,Germany,Saarland,,2020-03-10,-8.0,-3.0,-20.0,-16.0,-4.0,3.0
DE,Germany,Saarland,,2020-03-11,-4.0,3.0,-17.0,-13.0,-3.0,2.0
DE,Germany,Saarland,,2020-03-12,-6.0,8.0,-11.0,-16.0,-5.0,3.0
DE,Germany,Saarland,,2020-03-13,-11.0,25.0,6.0,-21.0,-7.0,4.0
DE,Germany,Saarland,,2020-03-14,-21.0,3.0,24.0,-26.0,-8.0,5.0
DE,Germany,Saarland,,2020-03-15,-10.0,2.0,89.0,-18.0,-5.0,2.0
DE,Germany,Saarland,,2020-03-16,-12.0,15.0,37.0,-33.0,-20.0,8.0
DE,Germany,Saarland,,2020-03-17,-20.0,5.0,22.0,-43.0,-26.0,9.0
DE,Germany,Saarland,,2020-03-18,-41.0,-6.0,2.0,-48.0,-31.0,12.0
DE,Germany,Saarland,,2020-03-19,-46.0,-11.0,22.0,-51.0,-35.0,14.0
DE,Germany,Saarland,,2020-03-20,-50.0,-6.0,15.0,-57.0,-37.0,15.0
DE,Germany,Saarland,,2020-03-21,-79.0,-41.0,-54.0,-69.0,-40.0,16.0
DE,Germany,Saarland,,2020-03-22,-77.0,-50.0,-5.0,-69.0,-39.0,10.0
DE,Germany,Saarland,,2020-03-23,-61.0,-23.0,-1.0,-64.0,-43.0,18.0
DE,Germany,Saarland,,2020-03-24,-62.0,-28.0,8.0,-66.0,-46.0,19.0
DE,Germany,Saarland,,2020-03-25,-62.0,-27.0,-11.0,-64.0,-47.0,19.0
DE,Germany,Saarland,,2020-03-26,-61.0,-24.0,8.0,-64.0,-48.0,19.0
DE,Germany,Saarland,,2020-03-27,-61.0,-22.0,24.0,-65.0,-47.0,19.0
DE,Germany,Saarland,,2020-03-28,-67.0,-32.0,42.0,-62.0,-40.0,13.0
DE,Germany,Saarland,,2020-03-29,-77.0,-56.0,-29.0,-71.0,-39.0,10.0
DE,Germany,Saarland,,2020-03-30,-53.0,-22.0,18.0,-63.0,-45.0,17.0
DE,Germany,Saarland,,2020-03-31,-54.0,-19.0,12.0,-60.0,-46.0,18.0
DE,Germany,Saarland,,2020-04-01,-55.0,-21.0,2.0,-62.0,-46.0,17.0
DE,Germany,Saarland,,2020-04-02,-53.0,-20.0,25.0,-62.0,-47.0,18.0
DE,Germany,Saarland,,2020-04-03,-58.0,-18.0,-8.0,-64.0,-46.0,19.0
DE,Germany,Saarland,,2020-04-04,-63.0,-27.0,27.0,-63.0,-37.0,13.0
DE,Germany,Saarland,,2020-04-05,-63.0,-26.0,54.0,-60.0,-34.0,8.0
DE,Germany,Saarland,,2020-04-06,-44.0,-15.0,35.0,-60.0,-44.0,16.0
DE,Germany,Saarland,,2020-04-07,-47.0,-12.0,33.0,-60.0,-46.0,17.0
DE,Germany,Saarland,,2020-04-08,-46.0,0.0,7.0,-58.0,-46.0,16.0
DE,Germany,Saarland,,2020-04-09,-42.0,6.0,27.0,-59.0,-48.0,16.0
DE,Germany,Saarland,,2020-04-10,-82.0,-93.0,67.0,-80.0,-85.0,29.0
DE,Germany,Saarland,,2020-04-11,-56.0,-10.0,28.0,-60.0,-37.0,12.0
DE,Germany,Saarland,,2020-04-12,-69.0,-42.0,24.0,-64.0,-33.0,8.0
DE,Germany,Saarland,,2020-04-13,-82.0,-94.0,48.0,-81.0,-87.0,29.0
DE,Germany,Saarland,,2020-04-14,-42.0,-6.0,24.0,-60.0,-49.0,17.0
DE,Germany,Saarland,,2020-04-15,-46.0,-17.0,13.0,-59.0,-48.0,17.0
DE,Germany,Saarland,,2020-04-16,-49.0,-13.0,48.0,-58.0,-47.0,17.0
DE,Germany,Saarland,,2020-04-17,-53.0,-13.0,48.0,-59.0,-46.0,17.0
DE,Germany,Saarland,,2020-04-18,-63.0,-24.0,34.0,-59.0,-31.0,12.0
DE,Germany,Saarland,,2020-04-19,-60.0,-24.0,63.0,-58.0,-26.0,7.0
DE,Germany,Saarland,,2020-04-20,-41.0,-14.0,41.0,-56.0,-40.0,15.0
DE,Germany,Saarland,,2020-04-21,-44.0,-15.0,41.0,-58.0,-41.0,15.0
DE,Germany,Saarland,,2020-04-22,-46.0,-15.0,23.0,-56.0,-40.0,15.0
DE,Germany,Saarland,,2020-04-23,-44.0,-11.0,49.0,-55.0,-40.0,14.0
DE,Germany,Saarland,,2020-04-24,-49.0,-11.0,42.0,-58.0,-40.0,16.0
DE,Germany,Saarland,,2020-04-25,-56.0,-19.0,50.0,-54.0,-27.0,10.0
DE,Germany,Saarland,,2020-04-26,-56.0,-16.0,79.0,-52.0,-24.0,6.0
DE,Germany,Saarland,,2020-04-27,-40.0,-16.0,54.0,-54.0,-37.0,13.0
DE,Germany,Saarland,,2020-04-28,-48.0,-14.0,0.0,-57.0,-39.0,14.0
DE,Germany,Saarland,,2020-04-29,-46.0,-3.0,-9.0,-55.0,-37.0,14.0
DE,Germany,Saarland,,2020-04-30,-36.0,13.0,-16.0,-51.0,-38.0,13.0
DE,Germany,Saarland,,2020-05-01,-85.0,-94.0,-13.0,-81.0,-84.0,29.0
DE,Germany,Saarland,,2020-05-02,-46.0,-5.0,6.0,-50.0,-26.0,10.0
DE,Germany,Saarland,,2020-05-03,-59.0,-16.0,60.0,-48.0,-20.0,6.0
DE,Germany,Saarland,,2020-05-04,-25.0,-7.0,24.0,-46.0,-29.0,11.0
DE,Germany,Saarland,,2020-05-05,-30.0,-9.0,33.0,-46.0,-30.0,11.0
DE,Germany,Saarland,,2020-05-06,-31.0,-9.0,19.0,-42.0,-29.0,11.0
DE,Germany,Saarland,,2020-05-07,-28.0,-7.0,52.0,-43.0,-29.0,11.0
DE,Germany,Saarland,,2020-05-08,-34.0,-5.0,54.0,-44.0,-30.0,11.0
DE,Germany,Saarland,,2020-05-09,-39.0,-5.0,25.0,-43.0,-19.0,8.0
DE,Germany,Saxony,,2020-02-15,4.0,-1.0,33.0,14.0,-3.0,-2.0
DE,Germany,Saxony,,2020-02-16,6.0,13.0,4.0,2.0,-1.0,-1.0
DE,Germany,Saxony,,2020-02-17,5.0,-2.0,11.0,-8.0,-18.0,3.0
DE,Germany,Saxony,,2020-02-18,6.0,-3.0,22.0,-8.0,-18.0,3.0
DE,Germany,Saxony,,2020-02-19,1.0,-6.0,-7.0,-11.0,-18.0,3.0
DE,Germany,Saxony,,2020-02-20,3.0,-5.0,6.0,-7.0,-18.0,3.0
DE,Germany,Saxony,,2020-02-21,-1.0,-4.0,-5.0,-11.0,-19.0,3.0
DE,Germany,Saxony,,2020-02-22,2.0,-2.0,17.0,9.0,-3.0,-1.0
DE,Germany,Saxony,,2020-02-23,-7.0,-12.0,-44.0,-8.0,-4.0,1.0
DE,Germany,Saxony,,2020-02-24,1.0,2.0,7.0,1.0,0.0,1.0
DE,Germany,Saxony,,2020-02-25,1.0,1.0,14.0,3.0,0.0,1.0
DE,Germany,Saxony,,2020-02-26,-4.0,0.0,-7.0,-1.0,-1.0,1.0
DE,Germany,Saxony,,2020-02-27,1.0,4.0,5.0,2.0,1.0,1.0
DE,Germany,Saxony,,2020-02-28,1.0,7.0,-3.0,1.0,0.0,1.0
DE,Germany,Saxony,,2020-02-29,3.0,6.0,8.0,3.0,1.0,0.0
DE,Germany,Saxony,,2020-03-01,17.0,25.0,39.0,17.0,3.0,-1.0
DE,Germany,Saxony,,2020-03-02,4.0,6.0,29.0,2.0,2.0,1.0
DE,Germany,Saxony,,2020-03-03,1.0,2.0,5.0,0.0,-1.0,2.0
DE,Germany,Saxony,,2020-03-04,2.0,3.0,22.0,1.0,0.0,0.0
DE,Germany,Saxony,,2020-03-05,4.0,1.0,29.0,4.0,2.0,0.0
DE,Germany,Saxony,,2020-03-06,2.0,1.0,-3.0,0.0,0.0,1.0
DE,Germany,Saxony,,2020-03-07,2.0,0.0,-2.0,0.0,0.0,1.0
DE,Germany,Saxony,,2020-03-08,22.0,21.0,48.0,13.0,4.0,-1.0
DE,Germany,Saxony,,2020-03-09,0.0,1.0,8.0,-1.0,0.0,1.0
DE,Germany,Saxony,,2020-03-10,4.0,0.0,6.0,2.0,-1.0,2.0
DE,Germany,Saxony,,2020-03-11,-1.0,2.0,3.0,-1.0,-1.0,1.0
DE,Germany,Saxony,,2020-03-12,0.0,5.0,9.0,-3.0,0.0,2.0
DE,Germany,Saxony,,2020-03-13,-4.0,15.0,-8.0,-8.0,-2.0,2.0
DE,Germany,Saxony,,2020-03-14,-9.0,12.0,57.0,-8.0,1.0,2.0
DE,Germany,Saxony,,2020-03-15,-6.0,13.0,90.0,-8.0,2.0,1.0
DE,Germany,Saxony,,2020-03-16,0.0,21.0,58.0,-18.0,-12.0,5.0
DE,Germany,Saxony,,2020-03-17,-6.0,16.0,50.0,-26.0,-18.0,8.0
DE,Germany,Saxony,,2020-03-18,-12.0,9.0,93.0,-26.0,-22.0,7.0
DE,Germany,Saxony,,2020-03-19,-31.0,-2.0,54.0,-36.0,-25.0,10.0
DE,Germany,Saxony,,2020-03-20,-42.0,-4.0,-30.0,-48.0,-30.0,15.0
DE,Germany,Saxony,,2020-03-21,-57.0,-15.0,-20.0,-54.0,-23.0,11.0
DE,Germany,Saxony,,2020-03-22,-65.0,-25.0,15.0,-52.0,-25.0,8.0
DE,Germany,Saxony,,2020-03-23,-57.0,-17.0,4.0,-52.0,-36.0,16.0
DE,Germany,Saxony,,2020-03-24,-57.0,-19.0,29.0,-51.0,-38.0,17.0
DE,Germany,Saxony,,2020-03-25,-57.0,-17.0,23.0,-52.0,-39.0,16.0
DE,Germany,Saxony,,2020-03-26,-56.0,-18.0,14.0,-52.0,-38.0,17.0
DE,Germany,Saxony,,2020-03-27,-56.0,-17.0,32.0,-52.0,-39.0,17.0
DE,Germany,Saxony,,2020-03-28,-68.0,-21.0,46.0,-50.0,-26.0,10.0
DE,Germany,Saxony,,2020-03-29,-78.0,-51.0,-50.0,-66.0,-34.0,10.0
DE,Germany,Saxony,,2020-03-30,-54.0,-16.0,7.0,-51.0,-38.0,16.0
DE,Germany,Saxony,,2020-03-31,-53.0,-15.0,4.0,-50.0,-39.0,17.0
DE,Germany,Saxony,,2020-04-01,-51.0,-12.0,38.0,-47.0,-38.0,15.0
DE,Germany,Saxony,,2020-04-02,-50.0,-13.0,34.0,-48.0,-37.0,15.0
DE,Germany,Saxony,,2020-04-03,-55.0,-15.0,-15.0,-53.0,-39.0,18.0
DE,Germany,Saxony,,2020-04-04,-66.0,-17.0,17.0,-51.0,-25.0,11.0
DE,Germany,Saxony,,2020-04-05,-55.0,-11.0,63.0,-43.0,-16.0,6.0
DE,Germany,Saxony,,2020-04-06,-45.0,-7.0,65.0,-44.0,-36.0,13.0
DE,Germany,Saxony,,2020-04-07,-43.0,-2.0,82.0,-43.0,-37.0,13.0
DE,Germany,Saxony,,2020-04-08,-40.0,12.0,73.0,-42.0,-37.0,11.0
DE,Germany,Saxony,,2020-04-09,-37.0,11.0,56.0,-42.0,-39.0,12.0
DE,Germany,Saxony,,2020-04-10,-81.0,-92.0,71.0,-67.0,-84.0,28.0
DE,Germany,Saxony,,2020-04-11,-58.0,1.0,54.0,-44.0,-18.0,7.0
DE,Germany,Saxony,,2020-04-12,-52.0,-10.0,93.0,-39.0,-8.0,3.0
DE,Germany,Saxony,,2020-04-13,-84.0,-94.0,5.0,-72.0,-87.0,31.0
DE,Germany,Saxony,,2020-04-14,-47.0,-2.0,27.0,-47.0,-42.0,15.0
DE,Germany,Saxony,,2020-04-15,-47.0,-10.0,53.0,-44.0,-40.0,14.0
DE,Germany,Saxony,,2020-04-16,-56.0,-4.0,90.0,-40.0,-37.0,13.0
DE,Germany,Saxony,,2020-04-17,-59.0,-4.0,59.0,-44.0,-37.0,14.0
DE,Germany,Saxony,,2020-04-18,-70.0,-9.0,68.0,-39.0,-8.0,7.0
DE,Germany,Saxony,,2020-04-19,-54.0,1.0,64.0,-38.0,-8.0,5.0
DE,Germany,Saxony,,2020-04-20,-46.0,-15.0,59.0,-35.0,-28.0,11.0
DE,Germany,Saxony,,2020-04-21,-46.0,-12.0,77.0,-35.0,-29.0,12.0
DE,Germany,Saxony,,2020-04-22,-47.0,-9.0,78.0,-33.0,-27.0,10.0
DE,Germany,Saxony,,2020-04-23,-47.0,-9.0,83.0,-32.0,-26.0,10.0
DE,Germany,Saxony,,2020-04-24,-50.0,-10.0,54.0,-36.0,-27.0,11.0
DE,Germany,Saxony,,2020-04-25,-61.0,-10.0,28.0,-38.0,-14.0,7.0
DE,Germany,Saxony,,2020-04-26,-47.0,8.0,100.0,-32.0,1.0,3.0
DE,Germany,Saxony,,2020-04-27,-43.0,-11.0,97.0,-29.0,-25.0,9.0
DE,Germany,Saxony,,2020-04-28,-45.0,-8.0,87.0,-30.0,-26.0,9.0
DE,Germany,Saxony,,2020-04-29,-44.0,7.0,43.0,-32.0,-27.0,10.0
DE,Germany,Saxony,,2020-04-30,-25.0,19.0,23.0,-28.0,-27.0,8.0
DE,Germany,Saxony,,2020-05-01,-78.0,-91.0,80.0,-55.0,-81.0,25.0
DE,Germany,Saxony,,2020-05-02,-46.0,7.0,-12.0,-39.0,-14.0,7.0
DE,Germany,Saxony,,2020-05-03,-57.0,4.0,42.0,-33.0,-6.0,4.0
DE,Germany,Saxony,,2020-05-04,-27.0,-5.0,-6.0,-32.0,-24.0,10.0
DE,Germany,Saxony,,2020-05-05,-29.0,-4.0,28.0,-30.0,-24.0,10.0
DE,Germany,Saxony,,2020-05-06,-29.0,-3.0,50.0,-25.0,-21.0,8.0
DE,Germany,Saxony,,2020-05-07,-26.0,-3.0,63.0,-24.0,-19.0,7.0
DE,Germany,Saxony,,2020-05-08,-29.0,-1.0,66.0,-24.0,-19.0,7.0
DE,Germany,Saxony,,2020-05-09,-37.0,-1.0,97.0,-16.0,10.0,1.0
DE,Germany,Saxony-Anhalt,,2020-02-15,2.0,-1.0,34.0,8.0,-3.0,-1.0
DE,Germany,Saxony-Anhalt,,2020-02-16,0.0,16.0,-5.0,-2.0,-1.0,-1.0
DE,Germany,Saxony-Anhalt,,2020-02-17,4.0,4.0,12.0,2.0,0.0,0.0
DE,Germany,Saxony-Anhalt,,2020-02-18,0.0,0.0,11.0,-1.0,0.0,1.0
DE,Germany,Saxony-Anhalt,,2020-02-19,-1.0,-4.0,6.0,-2.0,0.0,1.0
DE,Germany,Saxony-Anhalt,,2020-02-20,0.0,-1.0,4.0,-1.0,0.0,1.0
DE,Germany,Saxony-Anhalt,,2020-02-21,3.0,0.0,8.0,1.0,-1.0,1.0
DE,Germany,Saxony-Anhalt,,2020-02-22,0.0,-2.0,13.0,-1.0,0.0,0.0
DE,Germany,Saxony-Anhalt,,2020-02-23,-10.0,-14.0,-45.0,-9.0,-1.0,0.0
DE,Germany,Saxony-Anhalt,,2020-02-24,-1.0,0.0,10.0,1.0,-1.0,1.0
DE,Germany,Saxony-Anhalt,,2020-02-25,-2.0,-1.0,8.0,-1.0,0.0,1.0
DE,Germany,Saxony-Anhalt,,2020-02-26,-3.0,-3.0,1.0,-3.0,-1.0,1.0
DE,Germany,Saxony-Anhalt,,2020-02-27,0.0,4.0,2.0,-1.0,0.0,1.0
DE,Germany,Saxony-Anhalt,,2020-02-28,6.0,7.0,5.0,2.0,-1.0,1.0
DE,Germany,Saxony-Anhalt,,2020-02-29,4.0,4.0,12.0,4.0,2.0,0.0
DE,Germany,Saxony-Anhalt,,2020-03-01,13.0,19.0,10.0,5.0,3.0,-1.0
DE,Germany,Saxony-Anhalt,,2020-03-02,6.0,8.0,16.0,1.0,1.0,0.0
DE,Germany,Saxony-Anhalt,,2020-03-03,-1.0,3.0,8.0,-4.0,1.0,1.0
DE,Germany,Saxony-Anhalt,,2020-03-04,1.0,0.0,16.0,0.0,1.0,1.0
DE,Germany,Saxony-Anhalt,,2020-03-05,0.0,2.0,11.0,-1.0,1.0,1.0
DE,Germany,Saxony-Anhalt,,2020-03-06,1.0,-1.0,-8.0,-3.0,-1.0,2.0
DE,Germany,Saxony-Anhalt,,2020-03-07,3.0,1.0,11.0,0.0,2.0,1.0
DE,Germany,Saxony-Anhalt,,2020-03-08,23.0,17.0,29.0,7.0,4.0,-1.0
DE,Germany,Saxony-Anhalt,,2020-03-09,3.0,2.0,10.0,-2.0,0.0,0.0
DE,Germany,Saxony-Anhalt,,2020-03-10,-5.0,-1.0,-9.0,-7.0,0.0,2.0
DE,Germany,Saxony-Anhalt,,2020-03-11,0.0,1.0,20.0,-2.0,0.0,1.0
DE,Germany,Saxony-Anhalt,,2020-03-12,-4.0,7.0,4.0,-5.0,-1.0,2.0
DE,Germany,Saxony-Anhalt,,2020-03-13,-6.0,11.0,-6.0,-13.0,-4.0,3.0
DE,Germany,Saxony-Anhalt,,2020-03-14,-11.0,9.0,48.0,-14.0,1.0,2.0
DE,Germany,Saxony-Anhalt,,2020-03-15,-2.0,20.0,65.0,-13.0,3.0,1.0
DE,Germany,Saxony-Anhalt,,2020-03-16,1.0,17.0,45.0,-20.0,-13.0,4.0
DE,Germany,Saxony-Anhalt,,2020-03-17,-9.0,11.0,30.0,-28.0,-17.0,7.0
DE,Germany,Saxony-Anhalt,,2020-03-18,-22.0,2.0,62.0,-30.0,-21.0,7.0
DE,Germany,Saxony-Anhalt,,2020-03-19,-32.0,-4.0,20.0,-38.0,-24.0,9.0
DE,Germany,Saxony-Anhalt,,2020-03-20,-40.0,-6.0,-21.0,-46.0,-28.0,13.0
DE,Germany,Saxony-Anhalt,,2020-03-21,-56.0,-15.0,-13.0,-51.0,-18.0,9.0
DE,Germany,Saxony-Anhalt,,2020-03-22,-58.0,-23.0,8.0,-52.0,-18.0,6.0
DE,Germany,Saxony-Anhalt,,2020-03-23,-45.0,-12.0,-1.0,-47.0,-31.0,12.0
DE,Germany,Saxony-Anhalt,,2020-03-24,-49.0,-17.0,12.0,-49.0,-33.0,14.0
DE,Germany,Saxony-Anhalt,,2020-03-25,-48.0,-17.0,19.0,-47.0,-34.0,13.0
DE,Germany,Saxony-Anhalt,,2020-03-26,-49.0,-15.0,8.0,-49.0,-34.0,14.0
DE,Germany,Saxony-Anhalt,,2020-03-27,-48.0,-17.0,23.0,-50.0,-35.0,15.0
DE,Germany,Saxony-Anhalt,,2020-03-28,-58.0,-19.0,38.0,-50.0,-20.0,9.0
DE,Germany,Saxony-Anhalt,,2020-03-29,-74.0,-48.0,-56.0,-65.0,-27.0,8.0
DE,Germany,Saxony-Anhalt,,2020-03-30,-43.0,-14.0,-16.0,-49.0,-34.0,13.0
DE,Germany,Saxony-Anhalt,,2020-03-31,-43.0,-12.0,7.0,-46.0,-34.0,14.0
DE,Germany,Saxony-Anhalt,,2020-04-01,-40.0,-13.0,32.0,-43.0,-33.0,12.0
DE,Germany,Saxony-Anhalt,,2020-04-02,-41.0,-12.0,12.0,-46.0,-33.0,13.0
DE,Germany,Saxony-Anhalt,,2020-04-03,-45.0,-12.0,-7.0,-50.0,-34.0,15.0
DE,Germany,Saxony-Anhalt,,2020-04-04,-55.0,-14.0,17.0,-50.0,-19.0,9.0
DE,Germany,Saxony-Anhalt,,2020-04-05,-51.0,-7.0,47.0,-46.0,-12.0,4.0
DE,Germany,Saxony-Anhalt,,2020-04-06,-26.0,-2.0,48.0,-42.0,-35.0,10.0
DE,Germany,Saxony-Anhalt,,2020-04-07,-30.0,-1.0,47.0,-43.0,-35.0,11.0
DE,Germany,Saxony-Anhalt,,2020-04-08,-27.0,10.0,67.0,-41.0,-35.0,10.0
DE,Germany,Saxony-Anhalt,,2020-04-09,-24.0,12.0,42.0,-42.0,-38.0,10.0
DE,Germany,Saxony-Anhalt,,2020-04-10,-80.0,-93.0,63.0,-69.0,-81.0,26.0
DE,Germany,Saxony-Anhalt,,2020-04-11,-44.0,7.0,39.0,-46.0,-14.0,6.0
DE,Germany,Saxony-Anhalt,,2020-04-12,-51.0,-7.0,63.0,-46.0,-3.0,1.0
DE,Germany,Saxony-Anhalt,,2020-04-13,-82.0,-94.0,9.0,-71.0,-84.0,27.0
DE,Germany,Saxony-Anhalt,,2020-04-14,-31.0,0.0,17.0,-43.0,-33.0,11.0
DE,Germany,Saxony-Anhalt,,2020-04-15,-32.0,-10.0,45.0,-40.0,-32.0,11.0
DE,Germany,Saxony-Anhalt,,2020-04-16,-44.0,-2.0,54.0,-39.0,-30.0,10.0
DE,Germany,Saxony-Anhalt,,2020-04-17,-45.0,-3.0,48.0,-41.0,-30.0,11.0
DE,Germany,Saxony-Anhalt,,2020-04-18,-56.0,-9.0,58.0,-40.0,-4.0,5.0
DE,Germany,Saxony-Anhalt,,2020-04-19,-50.0,-2.0,50.0,-40.0,-1.0,3.0
DE,Germany,Saxony-Anhalt,,2020-04-20,-35.0,-4.0,35.0,-38.0,-24.0,8.0
DE,Germany,Saxony-Anhalt,,2020-04-21,-40.0,-5.0,44.0,-38.0,-25.0,10.0
DE,Germany,Saxony-Anhalt,,2020-04-22,-39.0,-2.0,60.0,-36.0,-24.0,8.0
DE,Germany,Saxony-Anhalt,,2020-04-23,-45.0,-16.0,53.0,-36.0,-22.0,9.0
DE,Germany,Saxony-Anhalt,,2020-04-24,-45.0,-13.0,41.0,-40.0,-24.0,10.0
DE,Germany,Saxony-Anhalt,,2020-04-25,-56.0,-12.0,30.0,-42.0,-7.0,6.0
DE,Germany,Saxony-Anhalt,,2020-04-26,-43.0,3.0,67.0,-36.0,4.0,2.0
DE,Germany,Saxony-Anhalt,,2020-04-27,-36.0,-11.0,61.0,-33.0,-21.0,7.0
DE,Germany,Saxony-Anhalt,,2020-04-28,-40.0,-9.0,40.0,-35.0,-21.0,8.0
DE,Germany,Saxony-Anhalt,,2020-04-29,-37.0,3.0,33.0,-32.0,-22.0,8.0
DE,Germany,Saxony-Anhalt,,2020-04-30,-23.0,20.0,-3.0,-28.0,-23.0,7.0
DE,Germany,Saxony-Anhalt,,2020-05-01,-79.0,-92.0,49.0,-61.0,-79.0,24.0
DE,Germany,Saxony-Anhalt,,2020-05-02,-39.0,9.0,-16.0,-40.0,-9.0,6.0
DE,Germany,Saxony-Anhalt,,2020-05-03,-52.0,-4.0,16.0,-35.0,-1.0,3.0
DE,Germany,Saxony-Anhalt,,2020-05-04,-22.0,-2.0,-19.0,-30.0,-20.0,7.0
DE,Germany,Saxony-Anhalt,,2020-05-05,-27.0,-5.0,6.0,-28.0,-17.0,7.0
DE,Germany,Saxony-Anhalt,,2020-05-06,-25.0,-5.0,39.0,-22.0,-15.0,6.0
DE,Germany,Saxony-Anhalt,,2020-05-07,-23.0,-3.0,30.0,-24.0,-15.0,6.0
DE,Germany,Saxony-Anhalt,,2020-05-08,-24.0,-3.0,48.0,-25.0,-15.0,6.0
DE,Germany,Saxony-Anhalt,,2020-05-09,-33.0,0.0,80.0,-21.0,10.0,1.0
DE,Germany,Schleswig-Holstein,,2020-02-15,6.0,2.0,31.0,14.0,3.0,0.0
DE,Germany,Schleswig-Holstein,,2020-02-16,-5.0,-19.0,-40.0,-4.0,-2.0,1.0
DE,Germany,Schleswig-Holstein,,2020-02-17,3.0,2.0,19.0,1.0,-1.0,0.0
DE,Germany,Schleswig-Holstein,,2020-02-18,3.0,2.0,6.0,1.0,-1.0,1.0
DE,Germany,Schleswig-Holstein,,2020-02-19,3.0,0.0,2.0,-1.0,0.0,1.0
DE,Germany,Schleswig-Holstein,,2020-02-20,1.0,1.0,-3.0,0.0,-1.0,1.0
DE,Germany,Schleswig-Holstein,,2020-02-21,0.0,2.0,26.0,3.0,-1.0,1.0
DE,Germany,Schleswig-Holstein,,2020-02-22,-3.0,-3.0,-10.0,9.0,-2.0,1.0
DE,Germany,Schleswig-Holstein,,2020-02-23,-8.0,-20.0,-44.0,-6.0,-3.0,1.0
DE,Germany,Schleswig-Holstein,,2020-02-24,-1.0,-3.0,10.0,0.0,-1.0,1.0
DE,Germany,Schleswig-Holstein,,2020-02-25,0.0,0.0,5.0,-3.0,-1.0,1.0
DE,Germany,Schleswig-Holstein,,2020-02-26,5.0,2.0,19.0,-4.0,0.0,1.0
DE,Germany,Schleswig-Holstein,,2020-02-27,4.0,6.0,20.0,-2.0,-1.0,1.0
DE,Germany,Schleswig-Holstein,,2020-02-28,6.0,15.0,40.0,3.0,-1.0,0.0
DE,Germany,Schleswig-Holstein,,2020-02-29,4.0,7.0,15.0,8.0,2.0,0.0
DE,Germany,Schleswig-Holstein,,2020-03-01,13.0,39.0,13.0,8.0,2.0,0.0
DE,Germany,Schleswig-Holstein,,2020-03-02,9.0,9.0,42.0,4.0,0.0,0.0
DE,Germany,Schleswig-Holstein,,2020-03-03,7.0,6.0,29.0,-2.0,-1.0,1.0
DE,Germany,Schleswig-Holstein,,2020-03-04,5.0,3.0,25.0,-4.0,-1.0,1.0
DE,Germany,Schleswig-Holstein,,2020-03-05,6.0,3.0,41.0,-3.0,-1.0,1.0
DE,Germany,Schleswig-Holstein,,2020-03-06,-2.0,2.0,2.0,-6.0,-2.0,2.0
DE,Germany,Schleswig-Holstein,,2020-03-07,8.0,2.0,76.0,12.0,3.0,0.0
DE,Germany,Schleswig-Holstein,,2020-03-08,11.0,9.0,14.0,3.0,1.0,0.0
DE,Germany,Schleswig-Holstein,,2020-03-09,4.0,3.0,35.0,0.0,-1.0,1.0
DE,Germany,Schleswig-Holstein,,2020-03-10,-1.0,0.0,-3.0,-5.0,-2.0,2.0
DE,Germany,Schleswig-Holstein,,2020-03-11,9.0,5.0,69.0,-1.0,-1.0,1.0
DE,Germany,Schleswig-Holstein,,2020-03-12,-4.0,7.0,9.0,-8.0,-3.0,3.0
DE,Germany,Schleswig-Holstein,,2020-03-13,-8.0,21.0,23.0,-11.0,-4.0,3.0
DE,Germany,Schleswig-Holstein,,2020-03-14,-10.0,12.0,110.0,-5.0,-1.0,3.0
DE,Germany,Schleswig-Holstein,,2020-03-15,-21.0,24.0,43.0,-16.0,-7.0,4.0
DE,Germany,Schleswig-Holstein,,2020-03-16,-9.0,17.0,52.0,-24.0,-22.0,7.0
DE,Germany,Schleswig-Holstein,,2020-03-17,-20.0,9.0,46.0,-33.0,-28.0,10.0
DE,Germany,Schleswig-Holstein,,2020-03-18,-41.0,1.0,-4.0,-41.0,-33.0,13.0
DE,Germany,Schleswig-Holstein,,2020-03-19,-46.0,-6.0,37.0,-43.0,-36.0,14.0
DE,Germany,Schleswig-Holstein,,2020-03-20,-52.0,-7.0,13.0,-49.0,-38.0,16.0
DE,Germany,Schleswig-Holstein,,2020-03-21,-63.0,-21.0,2.0,-47.0,-28.0,11.0
DE,Germany,Schleswig-Holstein,,2020-03-22,-69.0,-38.0,-14.0,-53.0,-31.0,9.0
DE,Germany,Schleswig-Holstein,,2020-03-23,-51.0,-17.0,17.0,-50.0,-41.0,15.0
DE,Germany,Schleswig-Holstein,,2020-03-24,-53.0,-18.0,31.0,-51.0,-43.0,16.0
DE,Germany,Schleswig-Holstein,,2020-03-25,-52.0,-18.0,27.0,-50.0,-43.0,16.0
DE,Germany,Schleswig-Holstein,,2020-03-26,-52.0,-15.0,36.0,-50.0,-43.0,17.0
DE,Germany,Schleswig-Holstein,,2020-03-27,-54.0,-14.0,42.0,-51.0,-43.0,17.0
DE,Germany,Schleswig-Holstein,,2020-03-28,-60.0,-18.0,35.0,-44.0,-31.0,11.0
DE,Germany,Schleswig-Holstein,,2020-03-29,-70.0,-53.0,-27.0,-58.0,-36.0,10.0
DE,Germany,Schleswig-Holstein,,2020-03-30,-49.0,-15.0,3.0,-50.0,-44.0,16.0
DE,Germany,Schleswig-Holstein,,2020-03-31,-45.0,-7.0,47.0,-46.0,-44.0,15.0
DE,Germany,Schleswig-Holstein,,2020-04-01,-50.0,-14.0,-16.0,-51.0,-44.0,17.0
DE,Germany,Schleswig-Holstein,,2020-04-02,-50.0,-11.0,1.0,-51.0,-45.0,17.0
DE,Germany,Schleswig-Holstein,,2020-04-03,-54.0,-10.0,3.0,-52.0,-44.0,18.0
DE,Germany,Schleswig-Holstein,,2020-04-04,-59.0,-15.0,6.0,-45.0,-31.0,12.0
DE,Germany,Schleswig-Holstein,,2020-04-05,-57.0,-32.0,37.0,-39.0,-29.0,7.0
DE,Germany,Schleswig-Holstein,,2020-04-06,-37.0,-4.0,78.0,-43.0,-45.0,14.0
DE,Germany,Schleswig-Holstein,,2020-04-07,-38.0,1.0,73.0,-44.0,-45.0,15.0
DE,Germany,Schleswig-Holstein,,2020-04-08,-38.0,11.0,51.0,-45.0,-45.0,14.0
DE,Germany,Schleswig-Holstein,,2020-04-09,-35.0,16.0,38.0,-45.0,-47.0,14.0
DE,Germany,Schleswig-Holstein,,2020-04-10,-82.0,-93.0,73.0,-67.0,-85.0,28.0
DE,Germany,Schleswig-Holstein,,2020-04-11,-51.0,6.0,26.0,-39.0,-27.0,9.0
DE,Germany,Schleswig-Holstein,,2020-04-12,-61.0,-41.0,41.0,-39.0,-24.0,6.0
DE,Germany,Schleswig-Holstein,,2020-04-13,-79.0,-93.0,65.0,-66.0,-87.0,27.0
DE,Germany,Schleswig-Holstein,,2020-04-14,-39.0,3.0,15.0,-47.0,-45.0,15.0
DE,Germany,Schleswig-Holstein,,2020-04-15,-42.0,-8.0,35.0,-45.0,-45.0,16.0
DE,Germany,Schleswig-Holstein,,2020-04-16,-49.0,-3.0,50.0,-43.0,-44.0,16.0
DE,Germany,Schleswig-Holstein,,2020-04-17,-52.0,-5.0,66.0,-44.0,-43.0,16.0
DE,Germany,Schleswig-Holstein,,2020-04-18,-61.0,-11.0,50.0,-34.0,-21.0,9.0
DE,Germany,Schleswig-Holstein,,2020-04-19,-57.0,-28.0,37.0,-35.0,-21.0,7.0
DE,Germany,Schleswig-Holstein,,2020-04-20,-37.0,-7.0,52.0,-36.0,-34.0,12.0
DE,Germany,Schleswig-Holstein,,2020-04-21,-41.0,-4.0,54.0,-37.0,-34.0,13.0
DE,Germany,Schleswig-Holstein,,2020-04-22,-42.0,-6.0,43.0,-38.0,-33.0,13.0
DE,Germany,Schleswig-Holstein,,2020-04-23,-42.0,-4.0,83.0,-35.0,-34.0,12.0
DE,Germany,Schleswig-Holstein,,2020-04-24,-48.0,-6.0,45.0,-40.0,-35.0,14.0
DE,Germany,Schleswig-Holstein,,2020-04-25,-53.0,-8.0,43.0,-28.0,-17.0,8.0
DE,Germany,Schleswig-Holstein,,2020-04-26,-58.0,-27.0,4.0,-37.0,-23.0,7.0
DE,Germany,Schleswig-Holstein,,2020-04-27,-37.0,-8.0,68.0,-33.0,-32.0,11.0
DE,Germany,Schleswig-Holstein,,2020-04-28,-39.0,0.0,40.0,-35.0,-33.0,11.0
DE,Germany,Schleswig-Holstein,,2020-04-29,-44.0,-1.0,-10.0,-39.0,-33.0,13.0
DE,Germany,Schleswig-Holstein,,2020-04-30,-30.0,19.0,-4.0,-32.0,-34.0,11.0
DE,Germany,Schleswig-Holstein,,2020-05-01,-82.0,-92.0,19.0,-64.0,-84.0,27.0
DE,Germany,Schleswig-Holstein,,2020-05-02,-40.0,7.0,-7.0,-30.0,-18.0,8.0
DE,Germany,Schleswig-Holstein,,2020-05-03,-51.0,-4.0,23.0,-27.0,-17.0,6.0
DE,Germany,Schleswig-Holstein,,2020-05-04,-25.0,-4.0,47.0,-28.0,-29.0,10.0
DE,Germany,Schleswig-Holstein,,2020-05-05,-29.0,-2.0,63.0,-29.0,-30.0,10.0
DE,Germany,Schleswig-Holstein,,2020-05-06,-30.0,-3.0,56.0,-28.0,-28.0,10.0
DE,Germany,Schleswig-Holstein,,2020-05-07,-29.0,-1.0,69.0,-29.0,-29.0,11.0
DE,Germany,Schleswig-Holstein,,2020-05-08,-33.0,-1.0,118.0,-27.0,-28.0,10.0
DE,Germany,Schleswig-Holstein,,2020-05-09,-35.0,0.0,121.0,-11.0,-7.0,5.0
DE,Germany,Thuringia,,2020-02-15,4.0,1.0,47.0,13.0,-3.0,-2.0
DE,Germany,Thuringia,,2020-02-16,5.0,16.0,5.0,10.0,-1.0,-1.0
DE,Germany,Thuringia,,2020-02-17,1.0,3.0,5.0,4.0,0.0,1.0
DE,Germany,Thuringia,,2020-02-18,1.0,1.0,13.0,3.0,-1.0,1.0
DE,Germany,Thuringia,,2020-02-19,2.0,-1.0,5.0,0.0,-1.0,1.0
DE,Germany,Thuringia,,2020-02-20,0.0,0.0,2.0,1.0,-1.0,1.0
DE,Germany,Thuringia,,2020-02-21,0.0,1.0,9.0,1.0,-2.0,1.0
DE,Germany,Thuringia,,2020-02-22,3.0,1.0,24.0,8.0,2.0,0.0
DE,Germany,Thuringia,,2020-02-23,-4.0,0.0,-25.0,-1.0,-2.0,1.0
DE,Germany,Thuringia,,2020-02-24,1.0,-1.0,1.0,0.0,-3.0,2.0
DE,Germany,Thuringia,,2020-02-25,-2.0,0.0,13.0,-1.0,-2.0,2.0
DE,Germany,Thuringia,,2020-02-26,-4.0,-1.0,-1.0,-3.0,-2.0,2.0
DE,Germany,Thuringia,,2020-02-27,-3.0,4.0,0.0,-1.0,-2.0,1.0
DE,Germany,Thuringia,,2020-02-28,1.0,8.0,5.0,3.0,-2.0,1.0
DE,Germany,Thuringia,,2020-02-29,1.0,5.0,12.0,5.0,3.0,0.0
DE,Germany,Thuringia,,2020-03-01,13.0,10.0,19.0,14.0,1.0,0.0
DE,Germany,Thuringia,,2020-03-02,6.0,5.0,21.0,5.0,1.0,1.0
DE,Germany,Thuringia,,2020-03-03,0.0,2.0,4.0,-2.0,-1.0,1.0
DE,Germany,Thuringia,,2020-03-04,2.0,1.0,12.0,0.0,-2.0,1.0
DE,Germany,Thuringia,,2020-03-05,0.0,0.0,11.0,0.0,-1.0,1.0
DE,Germany,Thuringia,,2020-03-06,-3.0,-2.0,-7.0,-3.0,-2.0,2.0
DE,Germany,Thuringia,,2020-03-07,3.0,0.0,7.0,0.0,-1.0,0.0
DE,Germany,Thuringia,,2020-03-08,19.0,14.0,33.0,9.0,2.0,-1.0
DE,Germany,Thuringia,,2020-03-09,1.0,-1.0,11.0,0.0,-1.0,1.0
DE,Germany,Thuringia,,2020-03-10,-5.0,-3.0,-9.0,-6.0,-2.0,2.0
DE,Germany,Thuringia,,2020-03-11,-2.0,-1.0,-2.0,-5.0,-3.0,2.0
DE,Germany,Thuringia,,2020-03-12,-2.0,3.0,8.0,-3.0,-2.0,2.0
DE,Germany,Thuringia,,2020-03-13,-7.0,13.0,0.0,-6.0,-3.0,3.0
DE,Germany,Thuringia,,2020-03-14,-9.0,10.0,37.0,-7.0,0.0,2.0
DE,Germany,Thuringia,,2020-03-15,-3.0,23.0,81.0,1.0,1.0,1.0
DE,Germany,Thuringia,,2020-03-16,2.0,21.0,39.0,-10.0,-7.0,3.0
DE,Germany,Thuringia,,2020-03-17,-10.0,9.0,28.0,-25.0,-20.0,7.0
DE,Germany,Thuringia,,2020-03-18,-17.0,3.0,63.0,-25.0,-23.0,8.0
DE,Germany,Thuringia,,2020-03-19,-25.0,-2.0,33.0,-31.0,-25.0,9.0
DE,Germany,Thuringia,,2020-03-20,-48.0,-7.0,-22.0,-46.0,-30.0,14.0
DE,Germany,Thuringia,,2020-03-21,-63.0,-20.0,-31.0,-50.0,-26.0,10.0
DE,Germany,Thuringia,,2020-03-22,-64.0,-21.0,14.0,-45.0,-26.0,7.0
DE,Germany,Thuringia,,2020-03-23,-48.0,-17.0,3.0,-46.0,-34.0,14.0
DE,Germany,Thuringia,,2020-03-24,-50.0,-19.0,19.0,-46.0,-36.0,15.0
DE,Germany,Thuringia,,2020-03-25,-49.0,-19.0,19.0,-45.0,-37.0,14.0
DE,Germany,Thuringia,,2020-03-26,-50.0,-18.0,7.0,-47.0,-37.0,15.0
DE,Germany,Thuringia,,2020-03-27,-50.0,-18.0,27.0,-47.0,-38.0,15.0
DE,Germany,Thuringia,,2020-03-28,-57.0,-20.0,40.0,-38.0,-25.0,8.0
DE,Germany,Thuringia,,2020-03-29,-75.0,-44.0,-50.0,-63.0,-32.0,8.0
DE,Germany,Thuringia,,2020-03-30,-44.0,-19.0,0.0,-46.0,-36.0,15.0
DE,Germany,Thuringia,,2020-03-31,-44.0,-15.0,4.0,-44.0,-37.0,15.0
DE,Germany,Thuringia,,2020-04-01,-40.0,-13.0,39.0,-38.0,-36.0,13.0
DE,Germany,Thuringia,,2020-04-02,-40.0,-12.0,30.0,-41.0,-36.0,13.0
DE,Germany,Thuringia,,2020-04-03,-47.0,-14.0,-14.0,-48.0,-37.0,16.0
DE,Germany,Thuringia,,2020-04-04,-54.0,-15.0,19.0,-38.0,-23.0,8.0
DE,Germany,Thuringia,,2020-04-05,-46.0,5.0,77.0,-28.0,-18.0,4.0
DE,Germany,Thuringia,,2020-04-06,-29.0,-7.0,54.0,-35.0,-37.0,12.0
DE,Germany,Thuringia,,2020-04-07,-31.0,-3.0,61.0,-35.0,-38.0,12.0
DE,Germany,Thuringia,,2020-04-08,-27.0,11.0,67.0,-33.0,-38.0,10.0
DE,Germany,Thuringia,,2020-04-09,-26.0,12.0,51.0,-35.0,-41.0,11.0
DE,Germany,Thuringia,,2020-04-10,-80.0,-93.0,83.0,-59.0,-84.0,26.0
DE,Germany,Thuringia,,2020-04-11,-44.0,3.0,51.0,-30.0,-17.0,6.0
DE,Germany,Thuringia,,2020-04-12,-50.0,-3.0,84.0,-28.0,-14.0,2.0
DE,Germany,Thuringia,,2020-04-13,-82.0,-94.0,15.0,-67.0,-87.0,29.0
DE,Germany,Thuringia,,2020-04-14,-32.0,-3.0,20.0,-40.0,-41.0,13.0
DE,Germany,Thuringia,,2020-04-15,-32.0,-10.0,59.0,-34.0,-39.0,12.0
DE,Germany,Thuringia,,2020-04-16,-42.0,-6.0,80.0,-32.0,-37.0,12.0
DE,Germany,Thuringia,,2020-04-17,-46.0,-7.0,60.0,-36.0,-37.0,12.0
DE,Germany,Thuringia,,2020-04-18,-56.0,-11.0,55.0,-27.0,-10.0,5.0
DE,Germany,Thuringia,,2020-04-19,-50.0,6.0,62.0,-31.0,-12.0,4.0
DE,Germany,Thuringia,,2020-04-20,-40.0,-9.0,37.0,-32.0,-28.0,11.0
DE,Germany,Thuringia,,2020-04-21,-44.0,-9.0,52.0,-32.0,-28.0,11.0
DE,Germany,Thuringia,,2020-04-22,-42.0,-8.0,64.0,-30.0,-28.0,9.0
DE,Germany,Thuringia,,2020-04-23,-42.0,-1.0,66.0,-30.0,-28.0,9.0
DE,Germany,Thuringia,,2020-04-24,-44.0,-17.0,49.0,-34.0,-28.0,11.0
DE,Germany,Thuringia,,2020-04-25,-52.0,-15.0,41.0,-28.0,-8.0,6.0
DE,Germany,Thuringia,,2020-04-26,-39.0,14.0,104.0,-18.0,-2.0,2.0
DE,Germany,Thuringia,,2020-04-27,-34.0,-12.0,65.0,-28.0,-25.0,9.0
DE,Germany,Thuringia,,2020-04-28,-39.0,-9.0,40.0,-31.0,-26.0,9.0
DE,Germany,Thuringia,,2020-04-29,-34.0,4.0,48.0,-27.0,-27.0,9.0
DE,Germany,Thuringia,,2020-04-30,-22.0,22.0,4.0,-24.0,-29.0,8.0
DE,Germany,Thuringia,,2020-05-01,-81.0,-93.0,30.0,-57.0,-82.0,26.0
DE,Germany,Thuringia,,2020-05-02,-39.0,6.0,-16.0,-29.0,-14.0,7.0
DE,Germany,Thuringia,,2020-05-03,-50.0,12.0,47.0,-16.0,-7.0,3.0
DE,Germany,Thuringia,,2020-05-04,-25.0,-5.0,-8.0,-25.0,-22.0,9.0
DE,Germany,Thuringia,,2020-05-05,-28.0,-6.0,32.0,-22.0,-21.0,8.0
DE,Germany,Thuringia,,2020-05-06,-25.0,-4.0,51.0,-17.0,-20.0,7.0
DE,Germany,Thuringia,,2020-05-07,-24.0,-4.0,57.0,-17.0,-19.0,6.0
DE,Germany,Thuringia,,2020-05-08,-26.0,-3.0,61.0,-18.0,-20.0,7.0
DE,Germany,Thuringia,,2020-05-09,-31.0,1.0,72.0,-4.0,5.0,1.0
